,location_id,latitude,longitude,route_segment,n_chargers_proposed,grid_status
0,IBE_01,4304489.891626588,658248.24357504,A-31,4,Congested
1,IBE_02,4313691.606281224,652793.5156635651,A-31,4,Congested
2,IBE_03,4321871.955985377,569652.4634162581,N-430,4,Congested
3,IBE_04,4311703.790309232,540286.8272060794,N-430,19,Congested
4,IBE_05,4345426.445918975,533322.1193997232,N-310,16,Congested
5,IBE_06,4193476.801177011,691601.5722480342,AP-7N,30,Congested
6,IBE_07,4271590.8558020005,688189.3189388681,A-31,19,Congested
7,IBE_08,4277556.299729925,686742.3337790703,A-31,29,Congested
8,IBE_09,4135440.6335912915,564910.7013472723,A-92N,30,Congested
9,IBE_10,4134847.6416358016,563542.5609215006,A-92N,30,Congested
10,IBE_11,4148854.378807486,599897.710790719,N-340A,7,Congested
11,IBE_12,4139212.495700787,609688.146832742,AP-7N,6,Congested
12,IBE_13,4134969.001989759,543504.943226697,A-92N,30,Congested
13,IBE_14,4166869.2888636864,582085.7781343804,A-92N,9,Congested
14,IBE_15,4167028.746282314,582008.2316377659,A-92N,30,Congested
15,IBE_16,4710668.820137846,534581.625938937,N-232,9,Congested
16,IBE_17,4782596.566782506,282543.81145255116,A-66,8,Congested
17,IBE_18,4795467.657686933,354332.39266965573,N-634,30,Congested
18,IBE_19,4802332.242876283,327792.6614173537,N-625,30,Congested
19,IBE_20,4801963.928100997,328195.50497835054,N-625,30,Congested
20,IBE_21,4806272.391027205,323210.177436798,N-634,30,Congested
21,IBE_22,4783116.132846444,270030.1181751182,A-66,30,Congested
22,IBE_23,4784847.580723807,271532.91588325973,A-66,30,Congested
23,IBE_24,4790922.454371138,274401.7211272634,A-66,30,Congested
24,IBE_25,4787833.148883383,275548.2898047986,A-66,30,Congested
25,IBE_26,4791899.7600807175,274174.53075867606,A-66,4,Congested
26,IBE_27,4826880.078310902,201570.8551552933,A-8,4,Congested
27,IBE_28,4805056.826906359,323182.8937583917,N-634,30,Congested
28,IBE_29,4798397.745346706,371658.63027691067,N-621,30,Congested
29,IBE_30,4804383.649042755,373843.06690283073,N-634,30,Congested
30,IBE_31,4804410.79809294,373217.7649184729,N-634,30,Congested
31,IBE_32,4809522.245777163,230510.36179848958,N-634,27,Congested
32,IBE_33,4802656.313667463,287042.2983581703,A-64,30,Congested
33,IBE_34,4808263.693877994,282415.6271631922,N-634,26,Congested
34,IBE_35,4807310.935060691,283909.6813961283,N-634,30,Congested
35,IBE_36,4807932.354395782,284467.8271015639,N-634,30,Congested
36,IBE_37,4805890.941678663,226293.18109277508,N-634,30,Congested
37,IBE_38,4805881.891987906,226134.92380806652,N-634,30,Congested
38,IBE_39,4826785.016700794,224317.69983119168,N-632,30,Congested
39,IBE_40,4826246.418333112,215670.53338090295,N-634,14,Congested
40,IBE_41,4827781.003044354,208788.42642408703,N-634,12,Congested
41,IBE_42,4820782.454188553,222912.4119710498,N-634,30,Congested
42,IBE_43,4822078.811036456,221980.51755656197,N-634,4,Congested
43,IBE_44,4813761.449716729,224031.02015518962,N-634,30,Congested
44,IBE_45,4546800.499155976,355428.3831451803,A-6,30,Congested
45,IBE_46,4445638.106638189,309850.3583360148,N-502,24,Congested
46,IBE_47,4532924.508129003,334200.1606305774,A-50,20,Congested
47,IBE_48,4551005.263650473,332028.80786529195,A-6,16,Congested
48,IBE_49,4551431.12884046,332834.50870083156,A-6,30,Congested
49,IBE_50,4494130.552949079,329535.09536094364,N-110,4,Congested
50,IBE_51,4542640.00551943,351203.76294732303,A-6,30,Congested
51,IBE_52,4493673.605787671,380627.7028307847,N-110,30,Congested
52,IBE_53,4469872.803012919,318804.5109949228,N-502,4,Congested
53,IBE_54,4494672.235306562,387205.5863511936,AP-6,30,Congested
54,IBE_55,4238245.6839590855,265088.5674877608,N-432,4,Congested
55,IBE_56,4350099.142431865,318346.4900891533,N-502,6,Congested
56,IBE_57,4213979.217319707,217320.6867886068,N-630,7,Congested
57,IBE_58,4213886.7583089955,217317.4816839975,N-630,30,Congested
58,IBE_59,4213812.094883573,217512.67540074798,N-630,30,Congested
59,IBE_60,4315789.985344938,223752.5441970802,A-5,8,Congested
60,IBE_61,4322142.490168766,239734.59445796235,N-430,30,Congested
61,IBE_62,4321866.413415375,239682.11848024325,N-430,30,Congested
62,IBE_63,4321507.880571211,239602.8095305318,N-430,8,Congested
63,IBE_64,4347021.903834081,311137.0937285371,N-502,4,Congested
64,IBE_65,4252496.964353213,169435.6312427399,N-435,4,Congested
65,IBE_66,4324647.7116514295,267361.66573700367,N-430,30,Congested
66,IBE_67,4672733.884269503,901434.4731929207,C-16,4,Congested
67,IBE_68,4576247.366209556,884283.6053935208,N-340,30,Congested
68,IBE_69,4686102.158709176,902179.2585383018,C-16,30,Congested
69,IBE_70,4575432.039128889,897655.8055372001,AP-7N,30,Congested
70,IBE_71,4584050.852629849,889466.5284632985,N-340,30,Congested
71,IBE_72,4587876.95915831,893565.1121751545,N-340,30,Congested
72,IBE_73,4587276.49088352,892821.2173791584,N-340,30,Congested
73,IBE_74,4574336.026062889,897248.4605940494,N-340,30,Congested
74,IBE_75,4786265.774931737,520062.21376235,AP-8,27,Congested
75,IBE_76,4793789.047822031,525393.6502298437,AP-8,30,Congested
76,IBE_77,4784259.545874816,517428.1723833838,AP-8,19,Congested
77,IBE_78,4790476.740713485,487587.89967376774,N-634,30,Congested
78,IBE_79,4801042.007881372,491854.4208937983,A-8,30,Congested
79,IBE_80,4611589.152021966,441675.1318144062,N-1,30,Congested
80,IBE_81,4611613.198035686,441749.35494661884,N-1,30,Congested
81,IBE_82,4612916.451513056,438947.70817711134,N-122,4,Congested
82,IBE_83,4612545.48850676,442399.8543644082,N-1A,30,Congested
83,IBE_84,4610014.666915726,442247.6964501417,A-11,30,Congested
84,IBE_85,4611037.463411504,434818.65389483405,N-122,4,Congested
85,IBE_86,4608634.878336964,426801.51146261476,N-122,30,Congested
86,IBE_87,4607403.013107703,442944.16098050826,N-1,30,Congested
87,IBE_88,4654224.198207123,436534.3684830132,N-622,19,Congested
88,IBE_89,4664720.888292483,440758.85659868416,A-1,12,Congested
89,IBE_90,4695271.132165336,398106.8624362855,N-120,22,Congested
90,IBE_91,4604916.279700397,441891.823264109,A-1,30,Congested
91,IBE_92,4647408.120389283,488208.3663864109,N-234,12,Congested
92,IBE_93,4602679.912102245,441183.58695106435,N-1,30,Congested
93,IBE_94,4609249.907247922,451855.3131329593,N-122,30,Congested
94,IBE_95,4757895.092014148,430732.1864321739,N-623,30,Congested
95,IBE_96,4461522.436188286,252591.05003947715,N-630,30,Congested
96,IBE_97,4461262.528039832,251951.03667272595,N-630,4,Congested
97,IBE_98,4408059.908537653,269140.94778670423,A-5,30,Congested
98,IBE_99,4341804.747949899,226900.26149305544,N-630,30,Congested
99,IBE_100,4467103.28020922,257162.6391584188,N-630,30,Congested
100,IBE_101,4414615.35620525,275045.4461043229,A-5,4,Congested
101,IBE_102,4376457.53987094,209531.16428416525,N-521,13,Congested
102,IBE_103,4365428.180635945,204094.82548847748,N-523,30,Congested
103,IBE_104,4372605.006212826,208835.98850321386,N-630,30,Congested
104,IBE_105,4364659.384361902,211561.95420267928,N-630,18,Congested
105,IBE_106,4383217.172441134,204656.5340549898,N-630,30,Congested
106,IBE_107,4383023.374974222,206824.94710362528,A-66,4,Congested
107,IBE_108,4383451.415876772,206207.63515256642,A-66,30,Congested
108,IBE_109,4384434.298870202,207896.83268602652,A-66,30,Congested
109,IBE_110,4431679.560703619,201096.20935374638,EX-A1,6,Congested
110,IBE_111,4436518.971807786,278502.079956842,EX-A1,30,Sufficient
111,IBE_112,4443886.9268616205,268259.85188377765,N-110,30,Congested
112,IBE_113,4396650.656987318,266758.6932095696,A-5,30,Congested
113,IBE_114,4430977.277509114,218615.46091376955,EX-A1,6,Congested
114,IBE_115,4430177.412902839,211930.63190540823,EX-A1,30,Congested
115,IBE_116,4419907.34515145,219845.53185673105,N-630,30,Congested
116,IBE_117,4442797.312188405,214119.32961352478,EX-A1,30,Congested
117,IBE_118,4442152.040575312,216168.41541793954,EX-A1,30,Congested
118,IBE_119,4426613.337627321,278674.03140566335,EX-A1,17,Sufficient
119,IBE_120,4416942.752574336,281841.1017182276,A-5,19,Congested
120,IBE_121,4419318.760810914,282500.8107496465,A-5,30,Congested
121,IBE_122,4436452.968986962,258502.81287971744,N-110,30,Congested
122,IBE_123,4418276.871814175,289053.8037510514,A-5,30,Congested
123,IBE_124,4432389.5787678985,233321.06057196914,N-630,4,Congested
124,IBE_125,4423460.90631996,222487.02894022356,N-630,30,Congested
125,IBE_126,4377549.511255012,155918.0733508609,N-521,27,Congested
126,IBE_127,4358303.9567805985,253726.84002893363,A-5,30,Congested
127,IBE_128,4428964.214925917,277116.0410056001,EX-A1,30,Sufficient
128,IBE_129,4430573.828870433,277376.8320268551,EX-A1,30,Sufficient
129,IBE_130,4433633.311525484,254691.63803761132,EX-A1,7,Congested
130,IBE_131,4371812.059543937,253011.10550174586,A-5,30,Congested
131,IBE_132,4372716.115602849,253702.65760860895,A-5,30,Congested
132,IBE_133,4370561.675974281,252052.37816299446,N-5,30,Congested
133,IBE_134,4378052.310612434,256255.85549473803,A-5,30,Congested
134,IBE_135,4379002.62375343,256462.73132226118,A-5,30,Congested
135,IBE_136,4374106.724034592,254526.59171785653,A-5,30,Congested
136,IBE_137,4366357.42464713,251479.74252653625,A-5,30,Congested
137,IBE_138,4379035.728201148,256487.69646799954,A-5,30,Congested
138,IBE_139,4439584.653994117,221950.16641947546,EX-A1,30,Congested
139,IBE_140,4002406.571240338,279141.14946873137,A-7S,12,Congested
140,IBE_141,4003514.149526236,279121.70549811807,A-7S,30,Congested
141,IBE_142,3999519.6418414847,279158.26144323125,N-350,30,Congested
142,IBE_143,4068385.8261038046,238396.56729415167,AP-4,24,Congested
143,IBE_144,4009063.7438838943,273885.63897169323,A-381,4,Congested
144,IBE_145,4006747.474366247,280653.57442616345,A-7S,30,Congested
145,IBE_146,4044621.6494995207,207070.67817016598,CA-36,4,Congested
146,IBE_147,4044663.5732711516,207017.2972199623,CA-36,30,Congested
147,IBE_148,4032270.1412490862,217853.91259456548,N-340,29,Congested
148,IBE_149,4021069.3465251126,224078.574713405,N-340,10,Sufficient
149,IBE_150,4026086.4385304158,222338.32192393165,A-48,30,Sufficient
150,IBE_151,4026219.6048681354,222325.15224060154,A-48,13,Sufficient
151,IBE_152,4022559.0832009963,225654.28197873168,A-48,11,Sufficient
152,IBE_153,4046283.9177545193,233022.9861985467,A-381,30,Sufficient
153,IBE_154,4034437.0837839856,281057.8313866837,AP-7S,30,Congested
154,IBE_155,4005861.0098723387,287566.93188559706,N-351,30,Congested
155,IBE_156,4006150.216091421,288736.53020762256,N-351,30,Congested
156,IBE_157,4008592.932083334,289098.1063957165,CA-34,30,Congested
157,IBE_158,4040260.824609318,235844.0659276824,A-381,30,Sufficient
158,IBE_159,4041084.9604322137,238769.56378754618,A-381,30,Sufficient
159,IBE_160,4060160.875489803,208527.45128940063,CA-31,30,Congested
160,IBE_161,4054139.6639949973,210625.09058543906,CA-32,30,Congested
161,IBE_162,4056502.7425433313,213782.40012128762,A-4,30,Congested
162,IBE_163,4059416.0399193484,198910.2798301393,CA-35,18,Congested
163,IBE_164,4062489.736035488,200246.67728610762,CA-31,30,Congested
164,IBE_165,4059330.624340743,198969.43440302758,CA-35,30,Congested
165,IBE_166,4041052.582677163,212988.92861450656,CA-33,30,Congested
166,IBE_167,4012106.7439465723,288656.0102688254,N-340,10,Congested
167,IBE_168,4010053.123573578,281526.38395705645,A-7S,30,Congested
168,IBE_169,4009959.0814102464,284433.0506787719,A-7S,30,Congested
169,IBE_170,4019269.889505876,295105.4302937614,A-7S,30,Congested
170,IBE_171,3994370.532610041,272020.23453420773,N-340,30,Congested
171,IBE_172,3990041.856275104,264848.0133299095,N-340,30,Congested
172,IBE_173,3994392.1020860514,272023.31984550913,N-340,30,Congested
173,IBE_174,4008234.0092121633,251887.44235390355,N-340,30,Congested
174,IBE_175,4016836.678959928,233954.45839522802,N-340,30,Sufficient
175,IBE_176,4022606.8595581963,240865.13944570595,N-340,30,Moderate
176,IBE_177,4018208.2729442087,233696.5773007429,N-340,30,Sufficient
177,IBE_178,4805433.212814605,406448.52226607705,N-634,30,Congested
178,IBE_179,4781560.383740708,414470.29438965634,N-611,15,Congested
179,IBE_180,4797821.159616617,403387.75163938955,A-8,30,Congested
180,IBE_181,4809403.275803514,434856.8113890605,N-636,29,Congested
181,IBE_182,4754767.192826527,408344.97861445433,N-611,30,Congested
182,IBE_183,4801575.525725329,482274.21296386304,A-8,30,Congested
183,IBE_184,4801790.254195143,482767.7003364063,A-8,30,Congested
184,IBE_185,4800222.401633948,485705.803759641,N-634,30,Congested
185,IBE_186,4803436.146610747,482112.6370539331,A-8,30,Congested
186,IBE_187,4805653.437708549,475485.37128350633,N-634,30,Congested
187,IBE_188,4798685.857234742,487429.5493119751,N-634,30,Congested
188,IBE_189,4798716.569371688,487456.5980814048,N-634,30,Congested
189,IBE_190,4780621.527395435,369435.94442928955,N-621,30,Sufficient
190,IBE_191,4785212.190407863,423634.89399625437,N-623,30,Congested
191,IBE_192,4785492.592352651,423392.0802036011,N-623,30,Congested
192,IBE_193,4790002.008444251,385923.9565575173,N-634,7,Sufficient
193,IBE_194,4791482.550266956,398589.4993924572,N-634,30,Congested
194,IBE_195,4804657.815286014,396369.82998589164,N-634,6,Sufficient
195,IBE_196,4804905.512941266,385974.53539189446,N-634,16,Congested
196,IBE_197,4812503.238157199,435578.96082162246,N-611,30,Congested
197,IBE_198,4813473.058138741,436765.58992406935,N-611,21,Congested
198,IBE_199,4813117.305529942,433975.9145368132,N-611,30,Congested
199,IBE_200,4815023.367399853,435302.05763618124,S-20,30,Congested
200,IBE_201,4791553.2547060875,424102.88669049926,N-623,11,Congested
201,IBE_202,4803526.90774082,378756.6017480363,N-634,30,Congested
202,IBE_203,4803560.605646661,378167.81231513084,N-621,30,Congested
203,IBE_204,4797133.844980315,393859.59227179637,N-634,6,Congested
204,IBE_205,4798760.81155143,392240.8216178478,A-8,4,Sufficient
205,IBE_206,4739599.421444394,423608.07505467406,N-627,6,Congested
206,IBE_207,4473826.750876878,742830.1361643857,N-232,30,Congested
207,IBE_208,4481485.236858091,787760.009305083,AP-7N,30,Congested
208,IBE_209,4478824.758362563,788053.5117128538,N-340,30,Congested
209,IBE_210,4480405.225869144,790745.1559497234,N-340,6,Congested
210,IBE_211,4480222.670679053,789940.1394071059,N-340,12,Congested
211,IBE_212,4478948.866075411,790704.8874835854,N-340,30,Congested
212,IBE_213,4484186.776866563,788852.2720069013,AP-7N,6,Congested
213,IBE_214,4438673.445631534,761456.8913542086,N-340,26,Congested
214,IBE_215,4437832.68339473,760532.0760158545,N-340,30,Congested
215,IBE_216,4455184.121379562,757889.8137862325,AP-7N,30,Congested
216,IBE_217,4452912.419699903,759194.2993903782,AP-7N,30,Congested
217,IBE_218,4447110.442828551,767427.3995954138,AP-7N,30,Congested
218,IBE_219,4431968.123720712,752714.8623816194,AP-7N,30,Congested
219,IBE_220,4431904.700750783,752572.1768201115,AP-7N,12,Congested
220,IBE_221,4432067.232415653,753651.7749995677,AP-7N,30,Congested
221,IBE_222,4435647.483791108,757111.1088529183,N-340,30,Congested
222,IBE_223,4437879.963608415,710771.1024014403,A-23,30,Congested
223,IBE_224,4427416.393224592,736537.5681245915,AP-7N,23,Congested
224,IBE_225,4426240.445907352,740382.0633418331,AP-7N,26,Congested
225,IBE_226,4444515.591470481,768443.8111432465,N-340,18,Congested
226,IBE_227,4474164.0330384895,788135.7838926587,AP-7N,30,Congested
227,IBE_228,4473383.090086137,788470.5380407268,AP-7N,30,Congested
228,IBE_229,4477003.772333683,789212.1733670601,N-340,30,Congested
229,IBE_230,4500237.9074787935,783351.1579002554,AP-7N,22,Congested
230,IBE_231,4413636.705479463,715408.2911221714,A-23,22,Congested
231,IBE_232,4409975.74598658,720142.8157494785,A-23,19,Congested
232,IBE_233,4456772.025296417,771486.1650913296,N-340,8,Congested
233,IBE_234,4360663.888506699,480484.5751603408,A-4,30,Congested
234,IBE_235,4360330.51577395,480658.3739758073,A-4,30,Congested
235,IBE_236,4359897.096504336,480147.74081811536,A-4,30,Congested
236,IBE_237,4359118.521613578,482138.6146904545,A-4,30,Congested
237,IBE_238,4359164.87666504,482105.2185033177,A-4,30,Congested
238,IBE_239,4361213.561194596,481346.9799210507,AP-36,30,Congested
239,IBE_240,4359679.7334482875,479573.11283261556,A-4,30,Congested
240,IBE_241,4361133.820663108,481186.5502611063,AP-36,30,Congested
241,IBE_242,4286601.954261048,405526.95764803316,PT-10,15,Congested
242,IBE_243,4287458.193271499,407169.57138969295,N-420,30,Congested
243,IBE_244,4286031.256766487,406865.4749667223,N-420,30,Congested
244,IBE_245,4360988.217213355,489811.0375566039,AP-36,30,Congested
245,IBE_246,4360505.280493427,504836.5085507838,AP-36,28,Sufficient
246,IBE_247,4361904.478998184,504228.1589126649,AP-36,21,Sufficient
247,IBE_248,4360743.0056617595,505357.7375966992,AP-36,30,Sufficient
248,IBE_249,4281715.0723471325,403504.3219602611,N-420,21,Congested
249,IBE_250,4284234.668969975,404203.9732359918,N-420,9,Congested
250,IBE_251,4284541.090799877,404352.631844911,N-420,30,Congested
251,IBE_252,4284639.568754266,404368.33753968135,N-420,30,Congested
252,IBE_253,4312048.180908359,360610.4987469488,N-430,30,Congested
253,IBE_254,4249836.845951502,327493.6586507973,N-502,9,Congested
254,IBE_255,4271597.064913801,311546.8699072311,N-502,25,Congested
255,IBE_256,4238344.983101809,307053.3877850453,N-432,30,Congested
256,IBE_257,4148936.1219680076,372666.0988199787,N-331,19,Congested
257,IBE_258,4236317.705805661,384201.65978149266,N-420,30,Congested
258,IBE_259,4170188.981777702,329657.8944300569,A-4,22,Congested
259,IBE_260,4174054.5658155833,330769.1403630547,A-4,30,Congested
260,IBE_261,4196671.124270221,335404.5330906854,N-437,8,Congested
261,IBE_262,4196829.13910823,358663.14626466914,A-4,18,Congested
262,IBE_263,4195942.615886816,340279.4183127204,N-437,17,Congested
263,IBE_264,4217615.1439078115,336488.91287710576,N-432,30,Congested
264,IBE_265,4207264.663502397,378049.7269596626,A-4,17,Congested
265,IBE_266,4207368.8160434915,378717.27925637655,A-4,30,Congested
266,IBE_267,4203612.51436187,371928.153596465,A-4,7,Congested
267,IBE_268,4241748.249464921,300780.8592265633,N-432,7,Congested
268,IBE_269,4240838.004955118,303566.2226873093,N-432,16,Congested
269,IBE_270,4247529.920309273,339133.52021953254,N-502,4,Congested
270,IBE_271,4143564.9253288526,394370.80849655793,N-432,30,Congested
271,IBE_272,4134218.451861606,391068.2161205576,A-92,30,Congested
272,IBE_273,4138300.367294953,341192.8782736622,A-92,4,Congested
273,IBE_274,4138877.3853449035,341171.87427077885,A-92,15,Congested
274,IBE_275,4136983.827410011,338938.3430788935,A-92,4,Congested
275,IBE_276,4163893.639842489,347135.911720781,A-45,17,Congested
276,IBE_277,4167638.830209529,346687.7451998085,A-45,30,Congested
277,IBE_278,4166633.4875708604,335457.97733248933,N-4,10,Congested
278,IBE_279,4205062.525655569,387803.5337880353,A-4,25,Congested
279,IBE_280,4202011.103319139,364176.9406947731,A-4,23,Congested
280,IBE_281,4242554.500905938,358121.7052943257,N-420,13,Congested
281,IBE_282,4825777.585571657,99982.35724496609,AP-9F,30,Congested
282,IBE_283,4822575.553962442,106177.87495476502,A-8,30,Congested
283,IBE_284,4821387.13914173,107811.49310044164,A-8,30,Congested
284,IBE_285,4821380.966640002,96347.19721242099,AP-9F,30,Congested
285,IBE_286,4407964.454377977,519526.90993405995,A-3,30,Congested
286,IBE_287,4376719.797375487,564115.5195166501,A-3,30,Congested
287,IBE_288,4441511.845098844,507796.2796561549,A-40,30,Congested
288,IBE_289,4434934.859837373,492917.05380878417,A-3,30,Congested
289,IBE_290,4431309.774841615,496385.76617803506,A-3,30,Congested
290,IBE_291,4431414.498067944,496497.15686693246,A-3,30,Congested
291,IBE_292,4389757.149557893,572017.3117388658,N-3,30,Congested
292,IBE_293,4417812.453136812,602077.2925103769,N-420,11,Congested
293,IBE_294,4402801.660988009,611832.0116877069,N-420,4,Congested
294,IBE_295,4354095.863947561,554210.7891134648,AP-36,30,Congested
295,IBE_296,4375159.253495261,607233.0499178949,A-3,6,Congested
296,IBE_297,4437445.06473981,568135.1506405693,A-40,13,Congested
297,IBE_298,4429436.898566202,576201.8853676767,N-420,30,Congested
298,IBE_299,4419991.118934209,499036.3314093293,A-3,30,Congested
299,IBE_300,4420151.379062704,499100.4353836961,A-3,30,Congested
300,IBE_301,4362473.563962378,618474.966133785,A-3,30,Congested
301,IBE_302,4417122.776750298,524423.3413094188,A-3,30,Congested
302,IBE_303,4383890.342733015,561754.5648103005,A-3,30,Congested
303,IBE_304,4383205.8647343535,561755.2339433213,A-3,30,Congested
304,IBE_305,4410754.409278076,500116.43374834483,A-3,30,Moderate
305,IBE_306,4410985.5980576435,499781.3404357961,A-3,30,Moderate
306,IBE_307,4410535.434998407,499738.5512711648,A-3,30,Moderate
307,IBE_308,4418187.904062419,521846.39731716167,A-3,30,Congested
308,IBE_309,4418021.645695664,521925.2492389275,A-3,30,Congested
309,IBE_310,4366739.461275644,607325.7065105992,A-3,30,Congested
310,IBE_311,4366465.270453339,608673.1751704719,A-3,30,Congested
311,IBE_312,4358379.583825049,610155.3638360365,A-3,26,Congested
312,IBE_313,4356756.71754326,610087.3310197089,N-322,30,Congested
313,IBE_314,4359519.204572774,520322.06854698574,AP-36,30,Congested
314,IBE_315,4360739.293311009,520058.14518318215,AP-36,30,Congested
315,IBE_316,4376765.096685875,623328.7124062724,N-3,30,Congested
316,IBE_317,4377390.803843234,620570.4476980843,N-3,30,Congested
317,IBE_318,4398073.164465249,542799.0152176262,N-420,30,Congested
318,IBE_319,4414682.2134245075,528340.7420154869,A-3,30,Congested
319,IBE_320,4379961.30176151,593543.551241289,N-3,20,Congested
320,IBE_321,4374825.972765421,590037.8744450026,A-3,30,Congested
321,IBE_322,4403677.983407792,516386.13778900146,A-3,30,Moderate
322,IBE_323,4418858.72516325,516398.7710250375,A-3,30,Congested
323,IBE_324,4418364.426310157,517373.2021734187,A-3,30,Congested
324,IBE_325,4362291.211615291,549835.1199436294,N-310,30,Congested
325,IBE_326,4362052.030277446,550979.871210623,N-310,30,Congested
326,IBE_327,4360787.359181224,550878.1155517031,A-43,30,Congested
327,IBE_328,4360670.980760385,550986.5197951576,A-43,30,Congested
328,IBE_329,4362241.292728196,549734.96569313,N-310,30,Congested
329,IBE_330,4360432.149710648,548347.1559120843,N-310,30,Congested
330,IBE_331,4428509.67464959,498421.0017030051,N-400,30,Congested
331,IBE_332,4428071.664922419,499592.1682113543,A-3,30,Congested
332,IBE_333,4428114.839389373,499606.42492562474,A-3,30,Congested
333,IBE_334,4428487.881131516,499547.1249309153,A-3,30,Congested
334,IBE_335,4428574.383999355,498411.54122555687,N-400,30,Congested
335,IBE_336,4428380.106768487,498639.13635133737,N-400,30,Congested
336,IBE_337,4428364.700334099,501474.727158573,N-400,30,Congested
337,IBE_338,4371021.297844996,572068.0006111625,A-3,30,Congested
338,IBE_339,4370876.208322369,572387.0615420076,A-3,30,Congested
339,IBE_340,4370927.204360869,572558.5990185284,A-3,30,Congested
340,IBE_341,4416575.992036481,503789.80736890336,A-3,30,Moderate
341,IBE_342,4394734.160759641,521351.4239132175,N-420,30,Congested
342,IBE_343,4426332.947357526,511955.00197995116,A-3,30,Congested
343,IBE_344,4383802.269757389,528099.6921680137,N-420,30,Congested
344,IBE_345,4369803.992046525,618315.2747622707,A-3,30,Congested
345,IBE_346,4366445.795286761,589520.8872701039,N-310,30,Congested
346,IBE_347,4403693.7810891215,536901.8173917305,A-3,30,Congested
347,IBE_348,4410576.311703448,542474.9917102834,A-3,30,Congested
348,IBE_349,4412788.361141459,536171.4538001583,A-3,30,Congested
349,IBE_350,4410181.237027759,541840.2687558556,A-3,30,Congested
350,IBE_351,4423446.643936267,506296.45392278745,A-3,30,Congested
351,IBE_352,4366533.927565284,616385.4022884662,A-3,30,Congested
352,IBE_353,4413712.947629647,533373.3939514551,A-3,30,Congested
353,IBE_354,4767981.020630882,542657.4864434307,AP-1,20,Congested
354,IBE_355,4766344.712626702,540925.6251168391,AP-1,25,Congested
355,IBE_356,4792697.695985653,587887.1543877254,AP-8,30,Congested
356,IBE_357,4766191.847336569,562341.587990243,A-1,17,Congested
357,IBE_358,4797643.660553637,594312.6089347033,GI-636,30,Sufficient
358,IBE_359,4797297.348610576,594481.8993197682,GI-636-K,30,Sufficient
359,IBE_360,4769917.713647457,568689.3830786217,A-1,30,Congested
360,IBE_361,4797361.335522399,590813.6944016101,GI-636,5,Congested
361,IBE_362,4796734.129227863,593694.4533711979,AP-8,30,Sufficient
362,IBE_363,4796926.73977643,592896.5900979837,AP-8,30,Sufficient
363,IBE_364,4766919.776252176,545978.2734498561,AP-1,12,Congested
364,IBE_365,4771006.357556007,555410.6292300308,AP-1,30,Congested
365,IBE_366,4660510.272749979,967010.1762800375,C-25,29,Congested
366,IBE_367,4687922.179248772,969970.1752381758,N-260,30,Congested
367,IBE_368,4662208.323887518,976214.7914672714,AP-7N,24,Congested
368,IBE_369,4690826.004759224,991006.0610375028,N-2,9,Congested
369,IBE_370,4690761.356175624,980717.3010637697,N-260,30,Congested
370,IBE_371,4697963.780268882,990773.1886801666,N-2A,30,Congested
371,IBE_372,4697041.382824235,994893.908433191,N-2,30,Congested
372,IBE_373,4696303.80464306,998834.9155499203,N-260,30,Congested
373,IBE_374,4696344.214149913,998967.9798426847,N-260,30,Congested
374,IBE_375,4686138.818655137,990005.4242627122,AP-7N,30,Congested
375,IBE_376,4686082.674153609,989866.2666425008,AP-7N,17,Congested
376,IBE_377,4663461.344155116,982584.0528172294,N-2,30,Congested
377,IBE_378,4665202.849199508,982072.083631106,N-2A,30,Congested
378,IBE_379,4665652.661742965,983257.8560483108,N-2,30,Congested
379,IBE_380,4665789.3584184935,982080.6281617319,N-2A,30,Congested
380,IBE_381,4666512.571347653,982412.8131850791,N-2A,30,Congested
381,IBE_382,4636897.904553983,967988.8941064398,AP-7N,16,Congested
382,IBE_383,4708711.357598682,1006555.2371466374,N-260,30,Congested
383,IBE_384,4708103.651093721,1006003.5150722018,N-260,30,Congested
384,IBE_385,4699600.11820158,989742.0788555304,AP-7N,30,Congested
385,IBE_386,4699670.930155016,989557.6040063426,AP-7N,30,Congested
386,IBE_387,4640671.963962938,977046.4492306388,AP-7N,30,Congested
387,IBE_388,4638867.319625243,978701.3569511648,N-2,30,Congested
388,IBE_389,4638904.786041267,978659.4039312201,N-2,30,Congested
389,IBE_390,4702419.404362752,1005001.794545186,N-260,30,Congested
390,IBE_391,4702162.286627857,989265.7906858866,N-2,30,Congested
391,IBE_392,4647915.4745182535,973193.4344952577,C-25,26,Congested
392,IBE_393,4698915.8855599705,1007941.0031976299,N-260,27,Congested
393,IBE_394,4663121.515288205,980506.7030988826,AP-7N,30,Congested
394,IBE_395,4692666.784535226,991563.8785156589,N-2A,30,Congested
395,IBE_396,4666852.697771512,981716.7682237362,N-2A,30,Congested
396,IBE_397,4640015.938960016,980568.938759247,N-2,30,Congested
397,IBE_398,4692621.713102021,994450.2506538918,N-2,30,Congested
398,IBE_399,4120663.7928792615,442589.3512711145,GR-30,25,Congested
399,IBE_400,4095737.920220133,411847.48150289775,A-92,30,Congested
400,IBE_401,4097252.0292628203,410580.6597486789,A-92,16,Congested
401,IBE_402,4149838.1976474095,521173.26274209796,A-92N,30,Congested
402,IBE_403,4148332.830395482,520607.98196394206,A-92N,30,Congested
403,IBE_404,4150671.136042866,522678.595342275,A-92N,30,Congested
404,IBE_405,4149077.822300628,446411.3448093251,A-44,30,Congested
405,IBE_406,4126139.6812416324,448849.74185030966,A-92,4,Congested
406,IBE_407,4130741.209588005,476381.1880543178,A-92,4,Congested
407,IBE_408,4134788.2502282374,475034.68498227786,A-92,28,Congested
408,IBE_409,4130701.3202827745,476324.4603537761,A-92,30,Congested
409,IBE_410,4129962.187932106,470346.2153775105,A-92,30,Congested
410,IBE_411,4116581.8094497863,501350.9148061366,A-92,30,Congested
411,IBE_412,4092566.4050215473,450096.988842612,A-44,14,Congested
412,IBE_413,4178471.206918277,539518.8500943667,A-92N,30,Congested
413,IBE_414,4138396.6319182226,499156.6116409413,A-92N,30,Congested
414,IBE_415,4114753.356200739,445784.2656979163,GR-30,30,Congested
415,IBE_416,4116989.939135629,443101.63863291894,N-432,30,Congested
416,IBE_417,4128876.3363802675,488238.4758305225,A-92,30,Congested
417,IBE_418,4128523.857498782,486979.99559799506,A-92,30,Congested
418,IBE_419,4129637.0871330723,486519.0043165083,A-92,30,Congested
419,IBE_420,4132255.672720771,491875.0884394604,A-92N,30,Congested
420,IBE_421,4063932.317769188,467437.4384083436,N-340,30,Congested
421,IBE_422,4065518.345014288,467656.7786484511,N-340,30,Congested
422,IBE_423,4123887.2595416964,447313.6916973329,A-92,6,Congested
423,IBE_424,4184905.1416359507,541143.3923213396,A-92N,15,Congested
424,IBE_425,4120934.7477489295,455894.86875936977,A-92,30,Congested
425,IBE_426,4124409.335758928,419246.2998768637,A-92,30,Congested
426,IBE_427,4139471.574027482,450912.86057105137,A-44,30,Congested
427,IBE_428,4139026.233577716,453332.1167401328,A-44,30,Congested
428,IBE_429,4141101.714556098,457089.88852286834,A-44,30,Congested
429,IBE_430,4116657.6118100723,425658.660882345,A-92,30,Congested
430,IBE_431,4089387.794744429,450879.6384246037,N-323A,30,Congested
431,IBE_432,4089025.129184199,450709.33692356385,N-323A,30,Congested
432,IBE_433,4115281.444918783,417555.5728514296,A-92,30,Congested
433,IBE_434,4115359.2734123864,417482.3846207618,A-92,30,Congested
434,IBE_435,4061578.2655768674,460121.03748021566,N-340,30,Congested
435,IBE_436,4061795.7841545693,461064.8851988369,N-340,30,Congested
436,IBE_437,4092182.466794878,450396.29507386143,A-44,30,Congested
437,IBE_438,4084141.2967404383,462022.988158522,A-44,19,Congested
438,IBE_439,4104134.666110731,445644.2966951448,GR-30,30,Congested
439,IBE_440,4100176.205366279,442163.01144336583,A-44,25,Congested
440,IBE_441,4123649.8180642766,431913.6314245927,N-432,7,Congested
441,IBE_442,4093810.6749078664,446183.6164834108,A-44,30,Congested
442,IBE_443,4154055.4618419036,514671.17492252355,A-92N,30,Congested
443,IBE_444,4512303.895973517,509901.0708559844,A-2,30,Congested
444,IBE_445,4528793.689570017,493623.0302906836,A-2,30,Congested
445,IBE_446,4507454.515570626,485752.2539616724,R-2,4,Congested
446,IBE_447,4499171.685180193,487918.2637294221,A-2,30,Congested
447,IBE_448,4499174.674561903,487923.00358215097,A-2,30,Congested
448,IBE_449,4519893.428431762,487361.76486221375,A-2,30,Congested
449,IBE_450,4530128.600854013,506029.6665760334,A-2,30,Congested
450,IBE_451,4540378.883463167,537433.7680449104,A-2,30,Congested
451,IBE_452,4540629.106519055,538123.913147103,A-2,30,Congested
452,IBE_453,4546104.166006557,529587.9003702983,A-2,30,Congested
453,IBE_454,4545899.63462887,529521.5086298655,A-2,30,Congested
454,IBE_455,4508644.49413892,495864.53957126377,A-2,30,Congested
455,IBE_456,4510564.908852938,497209.2959638822,A-2,30,Congested
456,IBE_457,4516280.94661587,493438.7719983698,A-2,10,Congested
457,IBE_458,4535750.665161636,532310.9055747044,A-2,30,Congested
458,IBE_459,4535750.665161636,532310.9055747044,A-2,30,Congested
459,IBE_460,4512284.999397671,499205.1682806166,A-2,30,Congested
460,IBE_461,4516403.242257154,470863.77724754676,N-320,30,Congested
461,IBE_462,4511034.112436881,485913.8708324301,R-2,30,Congested
462,IBE_463,4511129.95325719,486185.624392467,R-2,30,Congested
463,IBE_464,4129370.1536648828,187765.82594886987,A-49,4,Congested
464,IBE_465,4200393.906000804,186121.69716765836,N-433,12,Congested
465,IBE_466,4139672.720309652,186294.01006736478,A-49,30,Congested
466,IBE_467,4140163.954636324,186366.67016274034,A-49,30,Congested
467,IBE_468,4138718.053393972,187049.4190873654,A-49,30,Congested
468,IBE_469,4128131.0757387583,133870.36611690297,N-431,15,Congested
469,IBE_470,4138686.0567243677,135409.83631141298,A-49,21,Congested
470,IBE_471,4134917.7482243064,132349.9091746047,N-431,30,Congested
471,IBE_472,4135037.5908913254,132787.1736858961,N-431,30,Congested
472,IBE_473,4135476.826079655,132073.2980869742,N-431,30,Congested
473,IBE_474,4138995.8679389833,199672.15670092887,A-49,30,Congested
474,IBE_475,4203770.533993839,162870.1817215929,N-433,16,Congested
475,IBE_476,4191962.1501997425,196854.8952963241,N-433,30,Congested
476,IBE_477,4128082.2506963573,149329.51210164634,H-30,30,Congested
477,IBE_478,4128017.206137077,129638.06331893755,N-431,30,Congested
478,IBE_479,4135501.38597456,169141.03922315018,A-49,30,Congested
479,IBE_480,4178030.332104116,182197.15515301202,N-435,13,Congested
480,IBE_481,4204508.986310277,171519.87896570342,N-435A,4,Congested
481,IBE_482,4143121.506692242,185474.90827464545,A-49,30,Congested
482,IBE_483,4144138.298861596,186678.51489206078,A-49,4,Congested
483,IBE_484,4123926.201613665,146931.80699063762,N-442,21,Congested
484,IBE_485,4134181.0438989853,181440.8100902161,A-49,30,Congested
485,IBE_486,4134380.7273549554,181305.35548524838,A-49,30,Congested
486,IBE_487,4136770.455350478,160817.0619003682,A-49,28,Congested
487,IBE_488,4199945.569007857,216808.034609041,N-630,30,Congested
488,IBE_489,4200059.013500087,216740.98731546046,N-630,30,Congested
489,IBE_490,4143619.7095583873,160619.23342552857,N-435A,30,Congested
490,IBE_491,4144557.016108249,191431.25811398303,A-49,6,Congested
491,IBE_492,4143935.837315267,181425.64056920435,A-49,12,Congested
492,IBE_493,4656638.782237062,700681.4731097491,A-23,30,Congested
493,IBE_494,4657044.465477787,699634.4750507363,N-330,30,Congested
494,IBE_495,4682887.442420159,690824.9178798166,N-330,19,Congested
495,IBE_496,4655179.522292198,760042.5775988953,N-240,4,Congested
496,IBE_497,4702788.900102304,753484.6706432495,N-260,8,Congested
497,IBE_498,4721127.436197668,735967.0166517198,N-260A,26,Congested
498,IBE_499,4700049.477647887,779560.2040865505,N-260,18,Congested
499,IBE_500,4600746.981401345,753839.8901773473,AP-2,30,Congested
500,IBE_501,4600748.36060351,753616.9942627923,AP-2,30,Congested
501,IBE_502,4599083.7465137355,755973.967268486,N-2A,30,Congested
502,IBE_503,4600655.688170276,753792.0518679747,AP-2,30,Congested
503,IBE_504,4733032.913228739,702680.5779056341,N-330,25,Congested
504,IBE_505,4677055.691832148,780334.0043261887,N-123A,4,Congested
505,IBE_506,4661042.354104153,767990.1347925804,N-123,30,Congested
506,IBE_507,4660972.379214743,768100.9438978257,N-123,13,Congested
507,IBE_508,4601450.585699525,779049.9207331459,A-2,30,Congested
508,IBE_509,4601273.052015239,777733.3820928892,A-2,30,Congested
509,IBE_510,4602488.869296596,779297.5298850718,A-2,30,Congested
510,IBE_511,4600593.577692547,777736.3320149961,N-211,30,Congested
511,IBE_512,4603650.96958722,784674.8264241681,A-2,30,Congested
512,IBE_513,4599489.424785283,783573.4521747187,AP-2,19,Congested
513,IBE_514,4601869.772451072,778225.7242416015,A-2,30,Congested
514,IBE_515,4598370.826249561,782465.3273901008,AP-2,30,Congested
515,IBE_516,4646418.621731603,718079.7576857549,A-23,17,Congested
516,IBE_517,4680322.804277755,776860.2605152649,N-123A,10,Congested
517,IBE_518,4651519.911187034,693206.6244532408,A-23,28,Congested
518,IBE_519,4669423.741324292,712744.5896407828,A-23,30,Congested
519,IBE_520,4663059.095294956,708652.6145461686,A-23,12,Congested
520,IBE_521,4663155.09797842,708557.813052978,A-23,30,Congested
521,IBE_522,4716822.32805659,702724.152156752,N-330,30,Congested
522,IBE_523,4715616.529831257,700748.8556403861,N-240,30,Congested
523,IBE_524,4715224.084549867,699447.9754242497,N-240,30,Congested
524,IBE_525,4645792.010850179,763789.5372401862,N-240,30,Congested
525,IBE_526,4598601.971255647,747660.948930465,N-2,30,Congested
526,IBE_527,4713953.543711022,681709.9129711266,N-240,30,Congested
527,IBE_528,4674735.057143931,770213.9921887028,N-123A,4,Congested
528,IBE_529,4667115.701150665,725513.0268628842,N-240A,30,Congested
529,IBE_530,4719643.801917761,763650.4674594635,N-260,4,Congested
530,IBE_531,4734494.002582235,684307.4547532022,N-330,5,Congested
531,IBE_532,4727959.69673228,701708.5739634038,N-330,30,Congested
532,IBE_533,4203936.813081563,401992.0211897379,A-4,9,Congested
533,IBE_534,4240970.788874028,508559.73690674856,N-322,9,Congested
534,IBE_535,4187099.676284872,463382.59908384166,A-32,30,Congested
535,IBE_536,4157039.157052226,444877.7289388595,A-44,30,Congested
536,IBE_537,4231168.406498519,444753.69986116374,A-4,30,Congested
537,IBE_538,4165632.8871996915,444246.0838325274,N-323,30,Congested
538,IBE_539,4237260.303040938,448296.2258137793,A-4,30,Congested
539,IBE_540,4238729.3768343115,448482.96454658476,A-4,30,Congested
540,IBE_541,4235602.526729967,446317.26291595824,A-4,30,Congested
541,IBE_542,4236207.554789915,446644.5029181142,A-4,30,Congested
542,IBE_543,4235675.618129204,446456.3199598722,A-4,30,Congested
543,IBE_544,4236874.066828668,447006.03590102505,A-4,30,Congested
544,IBE_545,4154424.001054106,416303.4229198724,N-432A,25,Congested
545,IBE_546,4196991.451459664,498337.345937504,N-322,18,Congested
546,IBE_547,4148388.569840782,426126.69141847244,N-432A,11,Congested
547,IBE_548,4178037.735852271,438642.2398816751,A-44,30,Congested
548,IBE_549,4181422.267309231,435372.1863155417,N-323,30,Congested
549,IBE_550,4226066.022972646,439298.23907462065,A-4,20,Congested
550,IBE_551,4225804.855883565,438775.55739871156,A-4,30,Congested
551,IBE_552,4227476.43512404,441157.53386327357,A-4,30,Congested
552,IBE_553,4183891.7048848686,430382.88369732257,N-323,30,Congested
553,IBE_554,4182341.9600564283,431786.1370354397,N-323,30,Congested
554,IBE_555,4183686.0535775037,431379.0570586892,A-44,15,Congested
555,IBE_556,4178665.5440170704,419105.71852033056,N-323,4,Congested
556,IBE_557,4200827.166727556,392835.15058097977,A-4,23,Congested
557,IBE_558,4200821.1546798935,393057.22845511313,A-4,30,Congested
558,IBE_559,4174020.0966593823,414561.8131217249,N-432A,18,Congested
559,IBE_560,4153790.704923821,443059.5244683394,A-44,6,Congested
560,IBE_561,4176935.5640918305,443656.5932935257,A-44,30,Congested
561,IBE_562,4173336.3213793943,505318.0644636904,A-92N,17,Congested
562,IBE_563,4245743.700203029,522353.7984717049,N-322,13,Congested
563,IBE_564,4243338.365210955,452350.6303607566,A-4,30,Congested
564,IBE_565,4242487.480983913,452372.26745080407,A-4,30,Congested
565,IBE_566,4242561.719963964,452333.896862308,A-4,30,Congested
566,IBE_567,4240729.140662553,450059.6930898802,A-4,30,Congested
567,IBE_568,4233760.76623014,524674.0659660386,N-322,24,Congested
568,IBE_569,4232445.291818916,495539.4185165664,N-322,4,Congested
569,IBE_570,4180640.8218864677,420744.85390806786,N-323,4,Congested
570,IBE_571,4181064.00375786,414779.124097272,N-323,4,Congested
571,IBE_572,4179963.3202751414,417231.91280817206,N-323,4,Congested
572,IBE_573,4230614.698893035,454483.4391877301,A-4,30,Congested
573,IBE_574,4230019.761473214,455054.02088295564,A-4,30,Congested
574,IBE_575,4229441.084764639,455459.3103739235,A-4,30,Congested
575,IBE_576,4224960.7562477775,499642.3651104452,A-32,16,Congested
576,IBE_577,4171630.634470523,428243.9383851459,N-323,30,Congested
577,IBE_578,4670472.485816076,281332.6480600053,A-66,30,Congested
578,IBE_579,4724212.626791168,215945.49213764165,A-6,30,Congested
579,IBE_580,4724179.335972747,219953.98666387878,N-6,30,Congested
580,IBE_581,4724816.843643952,216887.66750682658,A-6,30,Congested
581,IBE_582,4721309.795252518,198400.36962019192,A-6,30,Congested
582,IBE_583,4721610.477785718,198379.15409086418,A-6,30,Congested
583,IBE_584,4720696.05192242,269610.0913064019,AP-66,30,Congested
584,IBE_585,4712241.471831494,275345.65019895264,AP-71,30,Congested
585,IBE_586,4722111.076253436,212501.04930075753,A-6,30,Congested
586,IBE_587,4723210.708746667,286859.14049037977,N-630,26,Congested
587,IBE_588,4748986.143552145,281577.08865086857,N-630,30,Congested
588,IBE_589,4718845.75965448,204018.67711235897,N-6,30,Congested
589,IBE_590,4716259.695242841,201113.36770169763,N-536,30,Congested
590,IBE_591,4717663.201079917,203339.90361465455,N-6,20,Congested
591,IBE_592,4717444.4260901725,206965.97099401313,N-6,30,Congested
592,IBE_593,4717144.641518957,206379.8119590577,N-6,29,Congested
593,IBE_594,4718945.743092973,201537.34390502045,N-6,30,Congested
594,IBE_595,4764936.793972634,314484.04713445826,N-621,9,Congested
595,IBE_596,4741082.891105622,285053.6217137177,N-630,30,Congested
596,IBE_597,4721250.103954673,283469.1767161336,Acceso Aeropuerto de León,8,Congested
597,IBE_598,4726442.182923334,284905.29500276374,N-630,30,Congested
598,IBE_599,4679842.282519222,287909.5939069815,N-630,30,Congested
599,IBE_600,4734094.82360734,212066.09237984323,A-6,30,Congested
600,IBE_601,4738613.23693388,338153.1109096984,N-625,19,Congested
601,IBE_602,4713404.426838492,276244.0803477301,AP-71,30,Congested
602,IBE_603,4713537.681596924,276227.81730713055,AP-71,30,Congested
603,IBE_604,4710884.466464599,272631.3811080382,N-120,30,Congested
604,IBE_605,4711774.016051854,273569.4891340258,N-120,30,Congested
605,IBE_606,4689002.377061396,285686.63784021186,A-66,30,Congested
606,IBE_607,4757371.802511178,283077.9125478247,N-630,30,Congested
607,IBE_608,4668653.621675146,285260.64399819577,N-630,30,Congested
608,IBE_609,4727645.47355603,291698.24402461224,N-621,7,Congested
609,IBE_610,4602554.371561229,802049.9929696259,AP-2,6,Congested
610,IBE_611,4625266.596846218,786269.5596426376,N-240,22,Congested
611,IBE_612,4615435.278633923,814453.7593510465,A-2,30,Congested
612,IBE_613,4618035.755915392,833165.6947384109,A-2,30,Congested
613,IBE_614,4615222.756358668,833901.861781534,A-2,30,Congested
614,IBE_615,4616723.583420659,833799.5357053031,A-2,30,Congested
615,IBE_616,4604000.383651391,822291.8853896544,N-240,9,Congested
616,IBE_617,4600480.740043201,814332.2162693681,AP-2,24,Congested
617,IBE_618,4677995.963220952,856871.1613033093,N-260,30,Congested
618,IBE_619,4722168.267956268,839708.5315827044,N-260,30,Congested
619,IBE_620,4616918.754557375,782219.567219683,A-22,6,Congested
620,IBE_621,4615897.083138457,825638.7597622082,A-2,30,Congested
621,IBE_622,4616036.989078845,825384.2750112298,A-2,7,Congested
622,IBE_623,4613270.50493486,823948.3835810281,A-2,4,Congested
623,IBE_624,4615074.369016247,824124.409042431,A-2,4,Congested
624,IBE_625,4697766.733349585,864776.5058939246,N-260,30,Congested
625,IBE_626,4617957.514592894,823417.7336284484,A-2,30,Congested
626,IBE_627,4701453.058127275,808002.3110393719,N-230,16,Congested
627,IBE_628,4702054.704150806,899016.8315263179,C-162,7,Congested
628,IBE_629,4706581.516719704,839758.3779474637,N-260,30,Congested
629,IBE_630,4694394.297697407,861667.034326972,N-260,30,Congested
630,IBE_631,4699623.371088793,868265.5987192981,N-260,30,Congested
631,IBE_632,4699412.091157467,866895.4930865829,N-260,30,Congested
632,IBE_633,4702242.489774397,840574.8257459525,N-260,30,Congested
633,IBE_634,4703143.222556044,839957.8917239594,N-260,30,Congested
634,IBE_635,4618187.661679618,845004.8158345383,A-2,22,Congested
635,IBE_636,4618069.137265059,844727.6163802892,A-2,30,Congested
636,IBE_637,4712803.890281737,812455.1233669345,N-230,15,Congested
637,IBE_638,4734299.366595173,811602.0153973687,N-230,15,Congested
638,IBE_639,4766620.915774851,136428.1404752634,A-6,26,Congested
639,IBE_640,4766610.856002136,136443.47556867934,A-6,30,Congested
640,IBE_641,4766611.269966734,136668.45272572374,A-6,30,Congested
641,IBE_642,4782367.599598498,168911.17010455177,N-640,30,Congested
642,IBE_643,4824162.13855706,153577.63689117495,N-634,21,Congested
643,IBE_644,4770738.387630995,126060.9049078555,N-540,19,Congested
644,IBE_645,4770680.721958198,126041.80351082253,N-540,30,Congested
645,IBE_646,4766688.109127591,127755.27562118164,A-54,7,Congested
646,IBE_647,4711249.899381908,149411.49076860852,N-120,27,Congested
647,IBE_648,4828709.87542734,172039.99821517203,A-8,30,Congested
648,IBE_649,4829805.729141428,164021.56998390722,N-634,30,Congested
649,IBE_650,4805378.013705811,120670.3259777159,N-634,30,Congested
650,IBE_651,4804081.805606981,121099.53243343189,N-634,30,Congested
651,IBE_652,4806545.845983199,121646.68377114827,A-8,30,Congested
652,IBE_653,4804843.575285943,120762.41071738477,N-634,30,Congested
653,IBE_654,4805033.654404046,121015.01004164998,N-634,10,Congested
654,IBE_655,4803528.742352288,120365.36275781429,N-634,30,Congested
655,IBE_656,4461572.32779689,461621.92302385723,A-3,30,Congested
656,IBE_657,4461870.652639311,460577.6848778428,A-3,30,Congested
657,IBE_658,4462255.98867147,461771.7361464696,R-3,30,Congested
658,IBE_659,4461783.790866299,460674.022930989,A-3,30,Congested
659,IBE_660,4461500.009913227,461895.37171230913,A-3,30,Congested
660,IBE_661,4461512.293711181,461293.49527404254,A-3,11,Congested
661,IBE_662,4538718.424538499,446381.0520131945,N-1A,30,Congested
662,IBE_663,4537509.957524363,446327.8141539055,N-1A,30,Congested
663,IBE_664,4521135.848356347,442964.77916574315,N-1A,30,Congested
664,IBE_665,4523048.212668095,448343.6027131403,A-1,30,Congested
665,IBE_666,4525148.1127047185,449243.0718289233,A-1,30,Congested
666,IBE_667,4464604.993269293,465726.7135445095,R-3,30,Congested
667,IBE_668,4457981.205079879,374474.75850791804,N-403,30,Congested
668,IBE_669,4509678.549642381,409857.30394243053,N-6,30,Congested
669,IBE_670,4446359.263234319,445989.2550793932,A-4,30,Congested
670,IBE_671,4442450.720777548,444562.6760872525,A-4,30,Congested
671,IBE_672,4446286.176538432,445856.3111306798,A-4,30,Congested
672,IBE_673,4446393.548012452,446365.6410473176,A-4,30,Congested
673,IBE_674,4442438.203399261,444574.3424119558,A-4,30,Congested
674,IBE_675,4445637.4184687715,448245.7657226849,A-4,30,Congested
675,IBE_676,4446341.225614285,446355.8174796491,A-4,7,Congested
676,IBE_677,4500946.335998777,436219.59186160995,A-1,4,Congested
677,IBE_678,4515052.504576645,442067.01786365604,N-320,30,Congested
678,IBE_679,4502650.932185667,408285.5302001139,N-6,30,Congested
679,IBE_680,4502601.360229105,408299.0357747994,N-6,30,Congested
680,IBE_681,4502456.465330272,408048.2845836277,N-6,30,Congested
681,IBE_682,4528355.418418876,448759.7830508912,A-1,30,Congested
682,IBE_683,4528575.481094644,448611.5614924358,A-1,30,Congested
683,IBE_684,4482275.648051017,440627.01973193954,M-30,30,Congested
684,IBE_685,4483488.68982755,440857.9086789018,M-40,21,Congested
685,IBE_686,4479736.05881086,431791.5978708969,A-6,30,Congested
686,IBE_687,4479785.773597389,432086.50931018934,A-6,15,Congested
687,IBE_688,4480008.858985559,449951.0873588279,M-11,30,Congested
688,IBE_689,4479854.377433959,450934.4193112634,M-11,30,Congested
689,IBE_690,4480222.02096495,450816.78925864544,M-11,30,Congested
690,IBE_691,4480820.09634442,427986.64754805143,A-6,30,Congested
691,IBE_692,4517951.193583995,435013.75596429367,N-1A,30,Congested
692,IBE_693,4518418.819395282,435849.58980384975,N-1A,30,Congested
693,IBE_694,4514704.123343384,434645.3126805618,N-320,30,Congested
694,IBE_695,4507055.607117457,451185.9356196684,A-1,30,Congested
695,IBE_696,4507490.721648286,451141.9206265362,A-1A,6,Congested
696,IBE_697,4455079.6758950325,459126.88259981584,A-3,30,Congested
697,IBE_698,4508313.720799743,413895.23040767707,N-6,14,Congested
698,IBE_699,4469108.742414963,388369.3164171845,N-403,30,Congested
699,IBE_700,4468824.280511993,387388.4014736328,N-403,30,Congested
700,IBE_701,4452599.213465189,471516.7388768803,A-3,30,Congested
701,IBE_702,4453312.531106633,470434.73127657664,N-3,30,Congested
702,IBE_703,4455545.675218442,470209.59560640284,A-3,30,Congested
703,IBE_704,4456313.217005897,468015.76594309264,A-3,30,Congested
704,IBE_705,4495159.982068,404603.7469169466,AP-6,30,Congested
705,IBE_706,4498606.765299948,406391.2404037613,AP-6,30,Congested
706,IBE_707,4494064.560052866,403214.40011972154,AP-6,30,Congested
707,IBE_708,4498642.122471366,406281.3061274828,AP-6,30,Congested
708,IBE_709,4451479.455717902,450685.04541689897,A-4,30,Congested
709,IBE_710,4543396.740715384,448068.3396160841,A-1,30,Congested
710,IBE_711,4542822.766189515,448117.99126165087,A-1,30,Congested
711,IBE_712,4507702.1914338535,433126.4621009043,A-1,30,Congested
712,IBE_713,4507746.155889126,433040.0262205294,A-1,30,Congested
713,IBE_714,4519149.014545374,454669.2889085984,N-320,30,Congested
714,IBE_715,4473025.2003468955,468626.5140427127,A-2,30,Congested
715,IBE_716,4473133.663899323,468490.272820341,A-2,30,Congested
716,IBE_717,4446088.3412684025,443404.11817753036,A-4,30,Congested
717,IBE_718,4447669.732550876,443039.87012230366,A-4,28,Congested
718,IBE_719,4446393.577147542,442992.4467455639,A-4,30,Congested
719,IBE_720,4446362.932264965,443377.8147897791,A-4,30,Congested
720,IBE_721,4446551.387117134,443336.6472523068,A-4,30,Congested
721,IBE_722,4446181.40231215,443324.3375012945,A-4,18,Congested
722,IBE_723,4505786.274722175,456990.5476041435,N-320,6,Congested
723,IBE_724,4516029.580772031,447928.9510690097,N-320,30,Congested
724,IBE_725,4459165.159421851,388415.3625435828,N-403,30,Congested
725,IBE_726,4459589.35943456,389342.8076789193,N-403,30,Congested
726,IBE_727,4476379.154657736,415080.84339833993,M-50,24,Congested
727,IBE_728,4476851.359132315,414237.945668658,M-50,30,Congested
728,IBE_729,4069627.277066321,406991.9794814327,A-7S,30,Congested
729,IBE_730,4068996.8015110586,406308.2005725411,A-7S,30,Congested
730,IBE_731,4058514.161036603,348955.2199943139,AP-7S,30,Congested
731,IBE_732,4057016.9436858976,350128.65758851444,AP-7S,30,Congested
732,IBE_733,4053992.8883161633,347332.4748359735,AP-7S,30,Congested
733,IBE_734,4057680.306634073,349921.6228558372,AP-7S,30,Congested
734,IBE_735,4066451.9868061263,333511.70735980954,AP-7S,30,Congested
735,IBE_736,4086622.758200356,371817.98457747605,AP-46,8,Congested
736,IBE_737,4086754.020313914,371693.80017403874,AP-46,30,Congested
737,IBE_738,4087425.6417914494,370907.00974573626,A-45,30,Congested
738,IBE_739,4106101.9123262167,376920.2973594728,A-92,16,Congested
739,IBE_740,4065092.5557874837,349133.2814483248,A-7S,4,Congested
740,IBE_741,4084492.5681422614,372649.896811962,A-45,30,Congested
741,IBE_742,4084531.723912536,372917.8502626044,A-45,30,Congested
742,IBE_743,4023507.3015471315,292226.5249784667,AP-7S,30,Congested
743,IBE_744,4060274.0094089936,345174.62698623457,AP-7S,30,Congested
744,IBE_745,4058970.7695474,343775.18670694844,AP-7S,30,Congested
745,IBE_746,4058910.732908712,343513.37592015206,AP-7S,30,Congested
746,IBE_747,4060180.237651011,345076.1182472749,AP-7S,30,Congested
747,IBE_748,4059533.327781304,344366.5534879145,AP-7S,30,Congested
748,IBE_749,4058935.904203751,343320.08622891875,AP-7S,30,Congested
749,IBE_750,4059052.121402524,343878.5042727091,AP-7S,30,Congested
750,IBE_751,4085837.4714412885,380211.93112368823,A-45,30,Congested
751,IBE_752,4085358.0882675755,380813.6108308683,A-45,30,Congested
752,IBE_753,4076455.2449127766,413272.3428290207,A-7S,30,Congested
753,IBE_754,4122138.919569766,367865.2439302453,A-45,13,Congested
754,IBE_755,4068847.7567982995,420725.5390570666,A-7S,24,Congested
755,IBE_756,4045922.889952249,355163.0823194134,A-7S,4,Congested
756,IBE_757,4046003.085642642,354428.27086739766,A-7S,30,Congested
757,IBE_758,4111536.161606679,346495.8162830811,A-92,30,Congested
758,IBE_759,4059024.824682738,336414.7409928184,AP-7S,30,Congested
759,IBE_760,4075097.949640521,371391.5297751983,A-45,30,Congested
760,IBE_761,4064132.651613998,379981.0530946884,MA-24,30,Congested
761,IBE_762,4064093.118944259,379935.8327819982,MA-24,13,Congested
762,IBE_763,4027040.348913275,300126.895021491,A-7S,30,Congested
763,IBE_764,4023267.2521140394,296631.91050574614,AP-7S,30,Congested
764,IBE_765,4024178.1570968716,299090.54027395905,A-7S,30,Congested
765,IBE_766,4039483.335324049,344038.1227311698,A-7S,30,Congested
766,IBE_767,4040931.1757283607,338897.5722529413,A-7S,30,Congested
767,IBE_768,4042929.7498732135,336063.3499356568,AP-7S,13,Congested
768,IBE_769,4043119.8604726,336121.6989174695,AP-7S,30,Congested
769,IBE_770,4042137.0392833212,328793.8476908938,A-7S,4,Congested
770,IBE_771,4044531.715352515,353761.5817919966,A-7S,30,Congested
771,IBE_772,4044913.719914715,352690.98641911475,A-7S,30,Congested
772,IBE_773,4067752.486076627,421198.88908484107,A-7S,30,Congested
773,IBE_774,4048251.980987258,333749.94256270974,AP-7S,30,Congested
774,IBE_775,4063732.1881876946,386983.12149998883,A-7S,10,Congested
775,IBE_776,4065138.2224512734,387867.6175134368,A-7S,30,Congested
776,IBE_777,4065157.4051992316,386188.17660765065,A-7S,30,Congested
777,IBE_778,4065915.706475216,412636.92961809377,A-7S,30,Congested
778,IBE_779,4071359.368405837,400957.1637797835,A-7S,30,Congested
779,IBE_780,4067482.9659797973,403325.40984349756,A-7S,30,Congested
780,IBE_781,4115459.053546834,372239.6714913649,A-92,30,Congested
781,IBE_782,4115525.7639716677,371910.09276056464,A-92,30,Congested
782,IBE_783,4116298.1021743063,381466.36960633425,A-92,5,Congested
783,IBE_784,4098261.292628527,376215.3525871162,A-92M,10,Congested
784,IBE_785,4067493.5933068413,328393.05863716616,AP-7S,30,Congested
785,IBE_786,4230163.88457876,640901.1649310663,N-301,15,Congested
786,IBE_787,4233516.97110282,646205.2225061291,N-344,21,Congested
787,IBE_788,4142723.8291469254,625464.4197745209,AP-7N,4,Congested
788,IBE_789,4214868.935263137,652449.9381108728,N-344,18,Congested
789,IBE_790,4192686.5446808743,642295.4279792565,A-7,4,Congested
790,IBE_791,4220426.429319301,648509.268709291,N-301,30,Congested
791,IBE_792,4220169.527948647,650302.0040569047,N-301,15,Congested
792,IBE_793,4219448.299899343,647791.4699805231,N-301,30,Congested
793,IBE_794,4226779.129790763,643408.5143477418,N-301,30,Congested
794,IBE_795,4226837.818995804,644283.6853209754,N-301,30,Congested
795,IBE_796,4212708.143124827,618821.9980902278,RM-15,30,Congested
796,IBE_797,4175401.783749275,668911.7730542682,N-301,17,Congested
797,IBE_798,4217727.156634927,650118.0757335126,N-301,30,Congested
798,IBE_799,4233289.244219959,639234.4526051773,A-30,30,Congested
799,IBE_800,4179374.567693127,665319.1816752609,A-30,30,Congested
800,IBE_801,4179122.1799938977,652215.3719766827,AP-7N,30,Congested
801,IBE_802,4195218.085336485,645994.780930293,A-7,4,Congested
802,IBE_803,4197410.862020417,648259.2154807705,A-7,4,Congested
803,IBE_804,4171563.389888623,619480.1575233953,A-7,30,Moderate
804,IBE_805,4171353.8783935686,616244.3296356822,A-7,30,Moderate
805,IBE_806,4146230.556971485,611952.4495145832,AP-7N,30,Congested
806,IBE_807,4164047.518902937,610121.1966567747,A-7,12,Moderate
807,IBE_808,4163106.8248977545,609611.331846469,A-7,30,Congested
808,IBE_809,4166504.3982910677,614662.6861118203,A-7,9,Moderate
809,IBE_810,4171014.4695729148,617964.1147179013,A-7,30,Moderate
810,IBE_811,4170579.591496015,616865.2597980165,A-7,30,Moderate
811,IBE_812,4169452.438639581,618883.3396047696,A-7,30,Moderate
812,IBE_813,4211449.405383274,633262.0229055563,RM-15,8,Congested
813,IBE_814,4209962.200209999,631859.6484902423,RM-15,6,Congested
814,IBE_815,4214939.228985222,637326.4605074746,RM-15,30,Congested
815,IBE_816,4200413.8244336285,652119.2936303716,A-7,4,Congested
816,IBE_817,4206364.009043553,631080.8931843216,RM-15,16,Congested
817,IBE_818,4160166.8395262086,611745.2138604935,A-7,30,Congested
818,IBE_819,4175668.53070664,639638.8375982342,A-7,30,Congested
819,IBE_820,4275780.3254341185,665800.9964276359,N-344,25,Congested
820,IBE_821,4275180.073416112,661949.0667025074,N-344,30,Congested
821,IBE_822,4276310.699280124,670053.1679310148,A-33,30,Congested
822,IBE_823,4716620.761194259,634233.9956243634,A-21,30,Congested
823,IBE_824,4754180.829811741,613520.0763914613,N-121-A,17,Congested
824,IBE_825,4738156.4395877,633121.4384967398,A-21,30,Congested
825,IBE_826,4715640.509636644,601356.3328348561,AP-15,4,Congested
826,IBE_827,4781930.189885906,622781.5517041702,N-121-A,24,Congested
827,IBE_828,4778395.201006389,620963.212016743,N-121-A,30,Congested
828,IBE_829,4776210.456936831,611371.9165372581,N-121-A,20,Congested
829,IBE_830,4693538.26254988,584610.4693537019,AP-68,17,Congested
830,IBE_831,4709842.821751073,634298.7105378078,A-21,11,Congested
831,IBE_832,4660141.577511286,597908.9090756685,N-113,18,Congested
832,IBE_833,4776771.617067489,607306.500371038,N-121-A,30,Sufficient
833,IBE_834,4778617.08042754,608294.0351773761,N-121-A,30,Sufficient
834,IBE_835,4754924.176146381,622129.6592181657,N-121-A,30,Congested
835,IBE_836,4656605.1967287455,594187.6310552761,N-113,30,Congested
836,IBE_837,4711684.110423664,594247.0650763192,A-12,30,Congested
837,IBE_838,4712842.4719565185,594589.4096294598,A-12,30,Congested
838,IBE_839,4724328.582635108,639523.6963048024,A-21,30,Congested
839,IBE_840,4649340.405877579,621736.5186719495,A-68,8,Congested
840,IBE_841,4693429.2418186935,577882.4856776504,AP-68,4,Congested
841,IBE_842,4703049.078589238,574635.4238778786,AP-68,9,Congested
842,IBE_843,4761770.009434801,609074.9505676241,N-121-A,12,Congested
843,IBE_844,4731591.154179873,582846.2022994765,A-12,17,Congested
844,IBE_845,4693335.679990353,160586.0623044271,N-120,30,Congested
845,IBE_846,4700474.390415121,135743.33049868548,N-120,30,Congested
846,IBE_847,4661854.0069256285,168141.0048691529,N-525,30,Congested
847,IBE_848,4696370.8374576885,149023.44232616725,N-120,4,Congested
848,IBE_849,4678884.465950614,161314.41621891398,N-525,30,Congested
849,IBE_850,4738091.583981058,398019.74408338487,N-627,30,Congested
850,IBE_851,4746719.742384706,405693.5065827273,N-611,30,Congested
851,IBE_852,4738663.247109728,397339.68556884606,N-627,30,Congested
852,IBE_853,4737222.079615914,397775.1014258241,N-627,18,Congested
853,IBE_854,4724548.809632444,392216.2802220045,N-611,30,Congested
854,IBE_855,4730342.8817580305,394228.8644755711,N-611,4,Congested
855,IBE_856,4749918.943218503,394864.5666323311,N-611,30,Congested
856,IBE_857,4687772.468288107,367913.6456864101,N-120,30,Congested
857,IBE_858,4688922.3299552025,366829.6759083591,N-120,30,Congested
858,IBE_859,4680077.633092322,383964.7089210508,N-611,30,Congested
859,IBE_860,4715863.376954572,391053.0200143367,N-611,30,Congested
860,IBE_861,4649263.345491963,382651.5094154807,N-620,30,Congested
861,IBE_862,4696596.131763542,388698.38348732574,N-611,30,Congested
862,IBE_863,4655746.145274857,396003.70992260514,A-62,20,Congested
863,IBE_864,4652518.824272479,388532.7143546111,A-62,30,Congested
864,IBE_865,4654710.4779248405,394075.1503914206,A-62,21,Congested
865,IBE_866,4678721.155743288,337773.03040136094,N-120,4,Congested
866,IBE_867,4694338.054635535,378665.9586606893,N-120,30,Congested
867,IBE_868,4694964.947716844,572081.2962754238,AP-68,5,Congested
868,IBE_869,4686281.073434442,519711.87701932434,N-120,29,Congested
869,IBE_870,4652215.547015688,587193.260491134,N-113,10,Congested
870,IBE_871,4648490.066091722,594249.4954140474,N-113,28,Congested
871,IBE_872,4695989.192579991,523263.60568788653,N-120,27,Congested
872,IBE_873,4522088.142424166,287903.21737134655,N-630,30,Congested
873,IBE_874,4526232.636800565,242877.31946751877,A-62,21,Congested
874,IBE_875,4530416.714613714,276279.25756824197,A-66,17,Congested
875,IBE_876,4474628.70121435,266524.3672137668,N-630A,15,Congested
876,IBE_877,4520601.713852196,277982.1373207457,N-630,30,Congested
877,IBE_878,4500517.850599467,200894.90800184407,N-620A,30,Congested
878,IBE_879,4500799.312007789,201424.21778642904,A-62,28,Congested
879,IBE_880,4508792.127602874,278386.5872140095,N-630,30,Congested
880,IBE_881,4501656.010576267,176928.49178884807,A-62,30,Congested
881,IBE_882,4534941.81804076,263554.3107302465,N-620,4,Congested
882,IBE_883,4492046.165746552,273385.2041822281,N-630A,29,Congested
883,IBE_884,4496174.558141118,252953.88062250856,N-630A,30,Congested
884,IBE_885,4532900.867690649,288843.85793115164,A-50,30,Congested
885,IBE_886,4518700.863119468,222551.9792797126,A-62,30,Congested
886,IBE_887,4518653.264778911,222587.80965651135,A-62,30,Congested
887,IBE_888,4548252.06869521,286228.77343621827,A-62,30,Congested
888,IBE_889,4547972.799102757,286176.2955871742,A-62,30,Congested
889,IBE_890,4469480.955547876,258004.8186246858,N-630,30,Congested
890,IBE_891,4529503.86998749,248665.54762023216,N-620,30,Congested
891,IBE_892,4515684.535947802,295775.3523328057,N-630,16,Congested
892,IBE_893,4508121.373730403,395723.91391580564,N-6,30,Congested
893,IBE_894,4508591.275447869,393689.0239140059,N-6,30,Congested
894,IBE_895,4514695.013555287,398069.4617428958,N-603,30,Congested
895,IBE_896,4546022.38095896,357197.20668670256,A-6,30,Congested
896,IBE_897,4511726.271148421,390410.3219179856,N-6,30,Congested
897,IBE_898,4514246.600139621,381954.5354135075,AP-6,30,Congested
898,IBE_899,4514383.830459426,382052.8733727139,AP-6,30,Congested
899,IBE_900,4122772.1956109656,240958.64922701335,A-4,30,Congested
900,IBE_901,4155563.667657528,234997.0092287839,A-66,10,Congested
901,IBE_902,4157207.183578145,211243.24570169556,N-433,30,Congested
902,IBE_903,4095753.6394237736,238701.6465169411,AP-4,30,Congested
903,IBE_904,4096187.4296453865,236452.27588597185,AP-4,4,Congested
904,IBE_905,4097226.8395484327,238756.97549765327,AP-4,30,Congested
905,IBE_906,4099255.7443665075,233063.18050121475,AP-4,30,Congested
906,IBE_907,4153747.0999652697,289676.41609405563,A-4,4,Congested
907,IBE_908,4139793.851351242,205612.43273710174,A-49,30,Congested
908,IBE_909,4083433.158150328,229425.89638520527,N-4,30,Congested
909,IBE_910,4124392.263400096,240256.1142941621,A-4,30,Congested
910,IBE_911,4149866.4083760125,292152.1640227897,A-4,30,Congested
911,IBE_912,4149340.0901273577,292851.90993197344,A-4,30,Congested
912,IBE_913,4158027.833754314,220822.37471053022,A-66,30,Congested
913,IBE_914,4156749.684984396,222215.14767482172,A-66,30,Congested
914,IBE_915,4158120.820942734,220535.4233596843,A-66,7,Congested
915,IBE_916,4160735.8803889984,231825.606382659,N-630,30,Congested
916,IBE_917,4159825.1513317954,230120.2780496751,N-630,30,Congested
917,IBE_918,4136683.946382794,336756.9758281076,A-92,27,Congested
918,IBE_919,4113485.7995040864,218785.50682784052,SE-40,30,Congested
919,IBE_920,4091204.711142654,225342.64955119282,N-4,30,Congested
920,IBE_921,4093511.713858723,224334.9329913924,N-4,30,Congested
921,IBE_922,4091286.0145240733,226361.05633096857,N-4,30,Congested
922,IBE_923,4134129.733457054,286543.2036175624,A-92,12,Congested
923,IBE_924,4129290.466298206,283536.32704787125,A-92,30,Congested
924,IBE_925,4133996.548759198,286566.93886861915,A-92,30,Congested
925,IBE_926,4133277.563850612,286580.6117977663,A-92,30,Congested
926,IBE_927,4133304.6761289267,285758.543750635,A-92,30,Congested
927,IBE_928,4115003.540482049,256758.05312770198,N-4,30,Congested
928,IBE_929,4123321.526334365,312396.1290313317,A-92,5,Congested
929,IBE_930,4124188.213745818,312938.0570007394,A-92,30,Congested
930,IBE_931,4123291.6775809,311251.4350520276,A-92,30,Congested
931,IBE_932,4116774.1275281734,239050.0007998381,N-4,30,Congested
932,IBE_933,4117389.1792802927,239118.50199384664,N-4,30,Congested
933,IBE_934,4110875.321995559,238183.2099435545,AP-4,24,Congested
934,IBE_935,4133441.9848175463,208411.9477133752,A-49,4,Congested
935,IBE_936,4204365.600634111,221854.76012961596,A-66,30,Congested
936,IBE_937,4154626.3733012793,236720.0578157563,A-66,30,Congested
937,IBE_938,4118083.2772882804,340427.0893019588,A-92,30,Congested
938,IBE_939,4120140.9093176937,342322.83917293814,A-92,30,Congested
939,IBE_940,4118321.557851948,340545.08351379365,A-92,14,Congested
940,IBE_941,4142361.219706073,217247.5086692706,A-49,12,Congested
941,IBE_942,4139954.319198919,219609.7724862115,A-49,30,Congested
942,IBE_943,4121772.0649690065,251075.79110469078,AP-4,11,Congested
943,IBE_944,4119437.083486758,254519.12046614906,A-92,30,Congested
944,IBE_945,4120003.033227138,252158.79181860437,AP-4,14,Congested
945,IBE_946,4103257.161842375,248792.07586156612,N-4,5,Congested
946,IBE_947,4165371.554540874,246515.95029128567,A-4,8,Congested
947,IBE_948,4632572.6150574945,587937.4199210651,N-122,30,Congested
948,IBE_949,4639234.905835788,544459.4312194178,N-111,30,Congested
949,IBE_950,4591186.286163767,538883.0458964558,A-15,30,Congested
950,IBE_951,4591112.079051481,539407.5951563502,A-15,13,Congested
951,IBE_952,4592252.780337404,539336.500249376,A-15,30,Congested
952,IBE_953,4594355.333962951,538638.7067886832,A-15,30,Congested
953,IBE_954,4600432.882544832,492448.4046480507,N-122,17,Congested
954,IBE_955,4603906.0694499565,495130.8736191656,N-122,8,Congested
955,IBE_956,4624722.97651088,541770.2294255006,N-234,8,Congested
956,IBE_957,4613683.898100173,538840.2914667953,A-15,8,Congested
957,IBE_958,4601942.49011375,483945.80955951515,N-110,30,Congested
958,IBE_959,4631041.909462554,495331.54597417626,N-234,23,Congested
959,IBE_960,4626047.557061617,543574.5445784715,N-111,30,Congested
960,IBE_961,4623513.869811938,549478.295803756,N-234,4,Congested
961,IBE_962,4623558.73620774,548833.7317089854,SO-20,30,Congested
962,IBE_963,4624232.15011138,542733.632317785,N-234,30,Congested
963,IBE_964,4519002.521789118,806081.7383254347,AP-7N,30,Congested
964,IBE_965,4518983.985202112,806305.6844914117,AP-7N,30,Congested
965,IBE_966,4516649.148341816,805208.6254592489,N-340A,30,Congested
966,IBE_967,4517803.112890214,803892.334515805,N-235,30,Congested
967,IBE_968,4518931.382964343,806303.2114254289,AP-7N,30,Congested
968,IBE_969,4567821.353124748,835474.7829960041,N-420,30,Congested
969,IBE_970,4562996.142971643,865287.6185739567,N-340A,30,Congested
970,IBE_971,4563480.175198461,866430.0255651146,N-340A,30,Congested
971,IBE_972,4534045.63057134,815723.0143711674,N-340,7,Congested
972,IBE_973,4579520.988224167,884703.2870517848,N-340,30,Congested
973,IBE_974,4581023.522712097,884684.3016041244,AP-7N,30,Congested
974,IBE_975,4574949.568871533,882670.8137217618,N-340,30,Congested
975,IBE_976,4540139.411033739,794440.7188569854,N-420,26,Congested
976,IBE_977,4577631.647077173,876514.3346760145,AP-2,19,Congested
977,IBE_978,4570223.421375828,885326.4110318054,N-340,30,Congested
978,IBE_979,4518749.777266864,807363.1611059393,N-340,4,Congested
979,IBE_980,4565167.230919197,858435.9978247482,AP-7N,30,Congested
980,IBE_981,4570992.911301194,887814.054391178,N-340,27,Congested
981,IBE_982,4561707.521146728,820285.3010168854,N-420,25,Sufficient
982,IBE_983,4562961.395319035,842844.3517272321,T-11,4,Congested
983,IBE_984,4564948.129562222,838120.6557410522,N-420,20,Congested
984,IBE_985,4568046.590029849,875391.1748188541,N-340,30,Congested
985,IBE_986,4567260.092115943,873991.9597446428,N-340,30,Congested
986,IBE_987,4568241.795496125,876717.8973471306,N-340,20,Congested
987,IBE_988,4503374.570074812,802746.912353859,N-340,19,Congested
988,IBE_989,4503390.52457842,777762.6761453827,N-232,30,Congested
989,IBE_990,4598026.288946161,849018.1250537637,AP-2,30,Sufficient
990,IBE_991,4523372.012221039,796095.1385347443,N-235,20,Congested
991,IBE_992,4548052.680120915,821813.1101202247,A-7,30,Congested
992,IBE_993,4540291.018750908,824660.8728142318,A-7,30,Congested
993,IBE_994,4544463.50599266,827863.0182237901,AP-7N,30,Congested
994,IBE_995,4540339.507401768,824569.7337995049,A-7,30,Congested
995,IBE_996,4546909.414412176,828922.0309811532,AP-7N,4,Congested
996,IBE_997,4546932.70440641,828890.5578762521,AP-7N,30,Congested
997,IBE_998,4442580.700120283,692602.5962876368,N-234,30,Congested
998,IBE_999,4529575.762893337,643080.6355579883,N-234,30,Congested
999,IBE_1000,4530533.330938877,643305.3477566271,N-234,30,Congested
1000,IBE_1001,4522033.2013161015,641959.4748728909,N-234,6,Congested
1001,IBE_1002,4540192.0667840075,740308.3240228358,N-232,30,Congested
1002,IBE_1003,4480377.444109528,644406.3807355829,N-234,30,Congested
1003,IBE_1004,4536105.973553605,770668.729447906,N-420,17,Congested
1004,IBE_1005,4524850.628407915,641692.1613422404,N-234,30,Congested
1005,IBE_1006,4515411.957803252,638644.2316908315,N-234,19,Congested
1006,IBE_1007,4515955.1674842015,639480.5378644455,N-234,4,Congested
1007,IBE_1008,4522376.068714857,685655.2603796447,N-211,27,Congested
1008,IBE_1009,4529948.624367792,757335.2705680972,N-232,30,Congested
1009,IBE_1010,4453148.957621357,676983.3810271325,N-234,9,Congested
1010,IBE_1011,4451563.895525874,699541.7651947984,A-23,30,Congested
1011,IBE_1012,4491857.527855403,645139.7533647828,N-234,11,Congested
1012,IBE_1013,4446636.769266738,685382.0471505276,N-234,8,Congested
1013,IBE_1014,4469043.9512836905,658314.1376706905,N-234,27,Congested
1014,IBE_1015,4520681.474290642,640157.6362252291,N-234,30,Congested
1015,IBE_1016,4528430.354142044,765633.4106920057,N-420,14,Congested
1016,IBE_1017,4507084.471480465,642133.690105976,A-23,29,Congested
1017,IBE_1018,4486673.088615533,646615.4314710852,N-234,30,Congested
1018,IBE_1019,4460956.578048494,657482.7627590314,N-330,30,Congested
1019,IBE_1020,4414648.218871484,395894.15134051535,A-40,27,Congested
1020,IBE_1021,4429302.571603092,382524.49862040044,N-403,30,Congested
1021,IBE_1022,4406559.1808986375,319527.744431126,N-502,6,Congested
1022,IBE_1023,4425856.332984782,435567.90604415047,N-400,30,Congested
1023,IBE_1024,4424151.127256332,431686.22624648997,N-400,30,Congested
1024,IBE_1025,4427343.09342155,434769.427919173,N-400,30,Congested
1025,IBE_1026,4427292.231610839,434591.1543811676,N-400,30,Congested
1026,IBE_1027,4416667.972980881,330197.34010171366,A-5,30,Congested
1027,IBE_1028,4365229.937216384,459605.12896445626,A-4,30,Congested
1028,IBE_1029,4364851.3522026995,460081.3374932081,A-4,30,Congested
1029,IBE_1030,4416994.808349323,375697.541827264,A-5,30,Congested
1030,IBE_1031,4449434.072699225,411299.7876787243,A-5,30,Congested
1031,IBE_1032,4427129.187614014,352369.1837032937,A-5,26,Sufficient
1032,IBE_1033,4427895.567785426,354538.32038696395,A-5,30,Sufficient
1033,IBE_1034,4428424.803571143,355580.4747853651,A-5,30,Sufficient
1034,IBE_1035,4421900.944694356,366423.478236825,A-5,30,Congested
1035,IBE_1036,4423184.841112374,366199.0929849638,A-5,30,Congested
1036,IBE_1037,4367814.873765466,448895.43940142915,A-4,29,Sufficient
1037,IBE_1038,4368943.70980638,446542.07192880806,A-4,30,Sufficient
1038,IBE_1039,4368706.197216223,447011.16616356454,A-4,5,Sufficient
1039,IBE_1040,4401368.099661297,485157.323629171,N-301,30,Sufficient
1040,IBE_1041,4400376.9729077555,486302.91059951164,N-301,30,Sufficient
1041,IBE_1042,4401998.0217437325,485004.4604895469,N-301,30,Sufficient
1042,IBE_1043,4433289.655799334,396326.3039577571,A-40,28,Congested
1043,IBE_1044,4434878.34938735,397878.8164638526,A-5,30,Congested
1044,IBE_1045,4433932.102045333,396709.5313546779,A-40,30,Congested
1045,IBE_1046,4434762.6423271345,397543.11051529186,A-5,30,Congested
1046,IBE_1047,4433526.080981336,396630.5470913527,A-40,30,Congested
1047,IBE_1048,4425474.416709785,389175.42018134723,N-403,30,Congested
1048,IBE_1049,4417792.471796576,307995.003898693,A-5,30,Congested
1049,IBE_1050,4440754.81885243,429037.1319060584,A-42,20,Congested
1050,IBE_1051,4440583.36730186,426963.9558753991,A-42,30,Congested
1051,IBE_1052,4396615.840959555,474289.8202716621,N-301,30,Congested
1052,IBE_1053,4374269.797599937,454979.27119193535,A-4,30,Congested
1053,IBE_1054,4368481.658337058,452133.0755107597,A-4,30,Congested
1054,IBE_1055,4374174.214238964,454983.5291341178,A-4,30,Congested
1055,IBE_1056,4374692.208695671,454960.2390666272,A-4,30,Congested
1056,IBE_1057,4374491.9143773485,454954.25965665217,A-4,30,Congested
1057,IBE_1058,4369563.73169669,454705.8232734112,A-4,23,Congested
1058,IBE_1059,4380419.681140061,455606.7840043269,A-4,30,Congested
1059,IBE_1060,4368615.685688694,454975.04662463476,A-4,30,Congested
1060,IBE_1061,4454750.581005699,398784.73278253304,A-5,30,Congested
1061,IBE_1062,4455354.05123089,398861.3152808225,A-5,30,Congested
1062,IBE_1063,4434235.714036092,428454.8508605659,AP-41,14,Congested
1063,IBE_1064,4412985.894782511,383710.693235897,N-403,23,Congested
1064,IBE_1065,4402852.729686025,352972.961525328,N-502,4,Congested
1065,IBE_1066,4432287.911854339,385142.7732198085,N-403,30,Congested
1066,IBE_1067,4439632.987964042,444913.76114478504,A-4,30,Congested
1067,IBE_1068,4439627.2659416,444435.4708180791,A-4,30,Congested
1068,IBE_1069,4442323.420547322,442199.6285424199,R-4,30,Congested
1069,IBE_1070,4439626.093155539,445022.55494387436,A-4,30,Congested
1070,IBE_1071,4440127.370548837,444777.6646405842,A-4,30,Congested
1071,IBE_1072,4439652.944433632,443469.61630099895,R-4,30,Congested
1072,IBE_1073,4439574.101817472,444117.75177646853,A-4,30,Congested
1073,IBE_1074,4439628.830833481,444222.39674746944,A-4,30,Congested
1074,IBE_1075,4369417.096618754,325978.3229721552,N-502,30,Congested
1075,IBE_1076,4424713.622279687,342086.9799630863,N-502A,15,Congested
1076,IBE_1077,4427143.336246353,343328.6675247698,A-5,30,Congested
1077,IBE_1078,4424712.713406132,342431.1804756725,N-502A,24,Congested
1078,IBE_1079,4425130.924025695,343989.83077712916,N-502A,30,Congested
1079,IBE_1080,4425442.484828951,346571.4722627207,N-5A,30,Sufficient
1080,IBE_1081,4421049.572684081,336788.4569716613,N-502,22,Congested
1081,IBE_1082,4425128.83656145,344243.7469404375,N-502A,30,Congested
1082,IBE_1083,4423544.842558235,343567.95318209,N-502A,30,Congested
1083,IBE_1084,4425282.590188035,346240.6472235963,N-5A,30,Sufficient
1084,IBE_1085,4425570.9514543945,334542.40973171056,N-502,30,Congested
1085,IBE_1086,4424650.674699163,341850.66675158986,N-502A,30,Congested
1086,IBE_1087,4422527.946662576,339367.9633229014,N-502,30,Congested
1087,IBE_1088,4425460.618683649,336080.5759857864,N-502,30,Congested
1088,IBE_1089,4417022.638350258,424471.78833026235,N-400,30,Congested
1089,IBE_1090,4426314.860982822,391197.0925385724,A-40,30,Congested
1090,IBE_1091,4428508.247832666,390924.83101420366,A-40,30,Congested
1091,IBE_1092,4427407.405950402,390707.4344844102,A-40,30,Congested
1092,IBE_1093,4383685.957329641,447080.2851348294,A-4,30,Sufficient
1093,IBE_1094,4384787.329173013,481596.8255522183,AP-36,30,Congested
1094,IBE_1095,4385232.444920779,470322.339887702,A-4,30,Congested
1095,IBE_1096,4385020.48214771,470145.0383971015,A-4,30,Congested
1096,IBE_1097,4385623.684658643,472910.75205592345,A-4,30,Congested
1097,IBE_1098,4386557.380119944,471350.1824880882,A-4,30,Congested
1098,IBE_1099,4384819.523526206,469483.79420491017,A-4,30,Congested
1099,IBE_1100,4384772.67724781,469655.2934807569,A-4,30,Congested
1100,IBE_1101,4424118.746152129,427842.35283078754,AP-41,16,Congested
1101,IBE_1102,4351105.734975174,722965.5051155414,A-38,13,Congested
1102,IBE_1103,4313265.148895791,721416.497814921,A-7,30,Congested
1103,IBE_1104,4313091.434728351,721274.4101995856,A-7,22,Congested
1104,IBE_1105,4314567.887590026,721878.6972916801,A-7,30,Congested
1105,IBE_1106,4366738.747000865,690909.3157303085,N-3,4,Congested
1106,IBE_1107,4316886.209257894,709739.8219209202,A-7,25,Congested
1107,IBE_1108,4396636.664930102,696165.9117782903,A-23,4,Congested
1108,IBE_1109,4379229.605499885,647476.4123530571,A-3,30,Congested
1109,IBE_1110,4378030.811098792,645082.6273028245,A-3,30,Congested
1110,IBE_1111,4390737.227891406,681435.816482622,A-3,24,Congested
1111,IBE_1112,4345687.426898502,677875.1177500403,N-330A,30,Congested
1112,IBE_1113,4316918.053075324,700039.0149052746,A-35,30,Congested
1113,IBE_1114,4317322.447430431,700293.5769060142,A-35,4,Congested
1114,IBE_1115,4300929.917590857,686035.3161606448,A-35,24,Congested
1115,IBE_1116,4318445.264705682,718853.4773999976,N-340,15,Congested
1116,IBE_1117,4310211.278212435,733872.2824913496,AP-7N,23,Sufficient
1117,IBE_1118,4307674.477768944,717314.7333142934,A-7,30,Congested
1118,IBE_1119,4299360.014879101,707902.5714580886,A-7,8,Congested
1119,IBE_1120,4314185.200776776,724927.8857490811,A-7,4,Sufficient
1120,IBE_1121,4374544.736589558,661239.5396571667,A-3,30,Congested
1121,IBE_1122,4372271.390317943,664465.7320801811,A-3,30,Congested
1122,IBE_1123,4372205.484471483,663828.922052352,N-3,30,Congested
1123,IBE_1124,4377262.820177078,657681.2613366118,A-3,30,Congested
1124,IBE_1125,4376539.686166462,659423.1124860501,A-3,30,Congested
1125,IBE_1126,4376851.51803473,659586.2611689206,A-3,30,Congested
1126,IBE_1127,4372167.129290146,663179.650220704,N-3,30,Congested
1127,IBE_1128,4372203.81989641,662870.574794043,N-3,30,Congested
1128,IBE_1129,4372479.9449863,663968.961285864,A-3,30,Congested
1129,IBE_1130,4366504.910773829,658005.6787805771,N-322,4,Congested
1130,IBE_1131,4414201.372767122,663923.7649356656,N-330,25,Congested
1131,IBE_1132,4380846.295234445,653521.1033292372,N-3,13,Congested
1132,IBE_1133,4380780.211050303,653453.1463920557,N-3,30,Congested
1133,IBE_1134,4386902.405270748,647437.2365143704,N-330,4,Congested
1134,IBE_1135,4376303.754798223,634324.1779505415,A-3,30,Congested
1135,IBE_1136,4376633.155488518,634643.2739713674,A-3,30,Congested
1136,IBE_1137,4583039.795889135,359112.80505197705,N-601,30,Congested
1137,IBE_1138,4622690.910571418,361984.88222782186,A-62,30,Congested
1138,IBE_1139,4568196.067035951,317993.621271756,N-620,30,Congested
1139,IBE_1140,4620173.909060188,357854.1658751312,A-62,26,Congested
1140,IBE_1141,4629854.952414238,368523.9781861284,A-62,30,Congested
1141,IBE_1142,4621969.166700948,384807.25044781854,N-122,29,Congested
1142,IBE_1143,4670163.940020785,312389.17319033644,N-601,13,Congested
1143,IBE_1144,4639505.395653983,329810.34371671546,N-601,30,Congested
1144,IBE_1145,4639787.376526464,329503.4708767246,N-601,4,Congested
1145,IBE_1146,4576542.074668,339654.95668582706,A-6,29,Congested
1146,IBE_1147,4574019.110993848,340171.5956261277,A-6,21,Congested
1147,IBE_1148,4576295.155551047,339237.7640903636,A-6,30,Congested
1148,IBE_1149,4573859.181854041,340286.77234611183,A-6,30,Congested
1149,IBE_1150,4571037.928108408,341893.6658287003,A-6,30,Congested
1150,IBE_1151,4610642.063977789,318961.7563257041,N-6,30,Congested
1151,IBE_1152,4578018.972324921,325524.2779053199,A-62,16,Congested
1152,IBE_1153,4571466.291907385,359174.2076382912,N-601,17,Congested
1153,IBE_1154,4571766.24268809,359456.9753263022,N-601,30,Congested
1154,IBE_1155,4572079.251948821,359225.62105537095,N-601,30,Congested
1155,IBE_1156,4578304.836382363,366244.2632010238,N-601,10,Congested
1156,IBE_1157,4613135.667007246,363443.4082614008,VA-30,30,Congested
1157,IBE_1158,4589608.407701694,334626.83565527643,A-6,30,Congested
1158,IBE_1159,4616962.168375991,360355.0843458651,VA-30,30,Congested
1159,IBE_1160,4579560.975411103,317778.12430640205,A-62,4,Congested
1160,IBE_1161,4603243.031180641,344934.10104937124,A-62,22,Congested
1161,IBE_1162,4596633.021579623,332287.0582585017,A-11,6,Congested
1162,IBE_1163,4606653.484918109,369940.807918984,A-11,4,Sufficient
1163,IBE_1164,4605678.881530591,366057.6737151327,A-11,28,Sufficient
1164,IBE_1165,4604836.157283308,324986.51418261655,A-6,4,Congested
1165,IBE_1166,4607296.936818899,323170.0335372365,N-6,30,Congested
1166,IBE_1167,4617735.759812034,347968.5974085494,N-601,19,Congested
1167,IBE_1168,4628574.526629078,306885.53629878047,A-6,30,Congested
1168,IBE_1169,4627303.290338472,307897.79110574315,A-6,30,Congested
1169,IBE_1170,4618101.068100586,315347.08278393303,A-6,30,Congested
1170,IBE_1171,4621529.351580813,312637.6610200952,N-6,18,Congested
1171,IBE_1172,4579232.947131983,298336.795535671,A-62,9,Congested
1172,IBE_1173,4579013.086197196,298251.6274540133,A-62,30,Congested
1173,IBE_1174,4653776.772963017,249400.88267578257,N-525,30,Congested
1174,IBE_1175,4651754.467855385,284721.51480806875,N-610,4,Congested
1175,IBE_1176,4567675.777927291,290944.3267140731,A-62,30,Congested
1176,IBE_1177,4596459.739908654,234846.5824298401,N-122,30,Congested
1177,IBE_1178,4631057.288620457,271039.25864730956,A-66,30,Congested
1178,IBE_1179,4602943.875139726,274119.599537085,A-66,30,Congested
1179,IBE_1180,4602963.390402793,256286.77967687283,N-122,30,Congested
1180,IBE_1181,4655801.1561353095,264102.934810301,A-52,30,Congested
1181,IBE_1182,4656168.906225205,263815.86426257435,A-52,30,Congested
1182,IBE_1183,4654705.202280141,264743.5397311129,N-525,30,Congested
1183,IBE_1184,4656856.74045783,280634.448971063,N-630,27,Congested
1184,IBE_1185,4638159.014361843,274516.98897074786,N-630,4,Congested
1185,IBE_1186,4601473.860409604,301706.7442125381,A-11,30,Congested
1186,IBE_1187,4663257.524372134,275412.3881091499,A-6,30,Congested
1187,IBE_1188,4659021.444302976,277949.44743261416,N-6,30,Congested
1188,IBE_1189,4636326.085814646,300239.1232898651,A-6,7,Congested
1189,IBE_1190,4633282.124017136,302358.6616472992,A-6,30,Congested
1190,IBE_1191,4637104.815668479,299330.97032870963,A-6,30,Congested
1191,IBE_1192,4637713.407986871,299092.02747127385,A-6,30,Congested
1192,IBE_1193,4648301.726328689,269138.60597172193,N-525,30,Congested
1193,IBE_1194,4600385.8675571745,266614.3925191788,N-122,29,Congested
1194,IBE_1195,4577984.761189918,645189.2709461565,N-330,30,Congested
1195,IBE_1196,4624908.207726436,653838.1683431544,A-68,7,Congested
1196,IBE_1197,4608443.611312627,692513.5091994714,N-2,30,Congested
1197,IBE_1198,4608652.306951871,692352.722714223,N-2,30,Congested
1198,IBE_1199,4608475.904882463,692565.9342136169,N-2,30,Congested
1199,IBE_1200,4608696.551347721,692390.900084928,N-2,30,Congested
1200,IBE_1201,4588543.895493114,646642.4445234381,A-23,4,Congested
1201,IBE_1202,4588702.729261861,647020.0307149161,A-23,30,Congested
1202,IBE_1203,4590109.6913053095,638108.0443467209,A-2,25,Congested
1203,IBE_1204,4573829.398892866,583476.901044853,A-2,30,Congested
1204,IBE_1205,4573941.753651289,583591.8909027393,A-2,30,Congested
1205,IBE_1206,4574211.121724018,603108.7854623366,A-2,7,Congested
1206,IBE_1207,4580394.13996943,649882.8577836056,N-330,30,Congested
1207,IBE_1208,4577546.193254637,648972.0570437466,N-330,15,Congested
1208,IBE_1209,4570551.871032107,745676.298012051,N-211,30,Congested
1209,IBE_1210,4573234.873469491,586695.486904558,A-2,30,Congested
1210,IBE_1211,4572997.087265952,588212.3824851391,A-2,11,Congested
1211,IBE_1212,4572923.490754941,588250.535576905,A-2,30,Congested
1212,IBE_1213,4552988.09929965,633820.180093996,N-234,4,Congested
1213,IBE_1214,4601787.024538029,649386.5147992164,A-2,9,Congested
1214,IBE_1215,4573996.491381089,724145.559354757,N-232,18,Congested
1215,IBE_1216,4598622.894276537,697204.8471526022,N-232A,30,Congested
1216,IBE_1217,4597758.467642818,698994.139988429,N-232A,24,Congested
1217,IBE_1218,4563069.214190311,634641.9697944726,N-234,30,Congested
1218,IBE_1219,4640244.87297754,631079.255430028,N-232,30,Congested
1219,IBE_1220,4573236.674974716,573427.8241200026,A-2,30,Congested
1220,IBE_1221,4604803.389932367,657298.1446239097,A-2,4,Congested
1221,IBE_1222,4607793.096677266,660217.9159290569,A-2,30,Congested
1222,IBE_1223,4609041.734634149,661000.5028134042,A-2,21,Congested
1223,IBE_1224,4626169.327231796,648246.6628274106,AP-68,30,Congested
1224,IBE_1225,4626088.15803036,648199.8691844805,AP-68,30,Congested
1225,IBE_1226,4624730.061416035,696565.3521126556,N-330,30,Congested
1226,IBE_1227,4624517.081529028,696226.783780482,A-2,16,Congested
1227,IBE_1228,4596431.225061958,707000.1458497135,N-2,29,Congested
1228,IBE_1229,4590110.58865356,708219.6748647102,N-232,30,Congested
1229,IBE_1230,4589801.895394542,708539.9147361408,N-232,30,Congested
1230,IBE_1231,4633192.406027267,651349.9266359069,AP-68,21,Congested
1231,IBE_1232,4577965.352889534,722300.8761652847,N-232,30,Congested
1232,IBE_1233,4578586.819311644,722735.6394944607,N-232,30,Congested
1233,IBE_1234,4614169.840179397,646591.2563909137,AP-68,30,Congested
1234,IBE_1235,4618803.16866515,666060.9780256399,N-232,9,Congested
1235,IBE_1236,4583650.83400776,714485.7107031441,N-232,30,Congested
1236,IBE_1237,4639227.62049227,683959.8727885496,A-23,13,Congested
1237,IBE_1238,4699374.922995339,853243.0398258348,N-260,30,Congested
1238,IBE_1239,4699333.324761894,853216.1780011667,N-260,30,Congested
